date,USDMXN,USDTRY,USDILS,USDCNH,USDCNY,USDSGD,USDHKD,USDBRL,USDTWD,USDZAR,USDPLN,USDHUF,USDCZK,USDRUB,USDEUR,USDGBP,USDTRL,USDMAD,USDSOS,USDCHF,USDCAD,USDCOP,USDPEN,USDARS,USDNOK,USDDKK,USDNZD,USDAUD,USDKRW,USDCLP,ARSUSD,ARSCNY,ARSBRL,ARSRUB,ARSEUR,ARSGBP,ARSCHF,ARSCAD,ARSAUD,AUDUSD,AUDTRY,AUDILS,AUDCNY,AUDSGD,AUDHKD,AUDKRW,AUDBRL,AUDTWD,AUDZAR,AUDPLN,AUDHUF,AUDCZK,AUDRUB,AUDEUR,AUDGBP,AUDCHF,AUDCAD,AUDARS,AUDNOK,AUDDKK,AUDNZD,BRLUSD,BRLCNY,BRLKRW,BRLRUB,BRLGBP,BRLCHF,BRLCAD,BRLCLP,BRLEUR,BRLARS,CADMXN,CADUSD,CADTRY,CADILS,CADCNY,CADSGD,CADHKD,CADKRW,CADBRL,CADTWD,CADZAR,CADPLN,CADHUF,CADCZK,CADRUB,CADEUR,CADGBP,CADMAD,CADCHF,CADCOP,CADARS,CADNOK,CADDKK,CADNZD,CADAUD,CHFMXN,CHFUSD,CHFTRY,CHFILS,CHFCNY,CHFSGD,CHFHKD,CHFKRW,CHFBRL,CHFZAR,CHFPLN,CHFHUF,CHFCZK,CHFRUB,CHFEUR,CHFGBP,CHFCAD,CHFNOK,CHFDKK,CHFNZD,CHFAUD,CLPUSD,CNHUSD,CNHHKD,CNYUSD,CNYCNH,CNYSGD,CNYHKD,CNYKRW,CNYTWD,CNYRUB,CNYEUR,CNYGBP,CNYCHF,CNYCAD,CNYNZD,CNYAUD
2013-01-06,2,2,48,9,9,20,26,9,15,5,31,35,19,0,31,4,80,0,0,5,13,36,0,0,22,27,23,13,28,19,47,0,0,0,0,0,47,0,0,33,19,0,24,25,38,0,0,18,41,0,0,0,0,32,10,22,15,0,92,0,9,58,0,0,0,0,61,28,0,0,0,0,10,0,0,43,32,0,0,0,57,0,62,44,0,0,0,24,0,32,0,39,52,0,0,0,0,6,0,51,0,0,0,0,54,0,13,13,0,0,0,38,33,27,0,68,0,0,44,0,22,0,0,23,0,0,0,0,0,0,0,0,0
2013-01-13,2,7,37,7,8,20,14,8,12,7,24,0,0,1,26,3,0,0,0,13,10,20,0,0,36,16,0,15,45,29,60,0,0,0,0,0,0,0,0,30,24,51,0,30,47,0,0,0,36,0,0,0,0,53,7,27,20,0,60,0,15,0,0,0,0,0,0,50,0,0,0,0,9,0,0,84,0,32,0,0,0,0,0,0,0,0,11,0,0,0,76,36,68,0,0,0,0,13,44,50,0,37,43,0,0,0,10,14,0,0,7,25,0,0,0,0,0,45,0,0,19,0,0,27,0,0,0,0,0,0,0,0,0
2013-01-20,3,6,20,11,5,19,9,6,14,10,21,17,22,1,18,5,0,0,0,8,16,18,19,27,30,31,22,8,45,0,0,0,0,0,0,0,0,0,0,27,0,51,32,22,32,0,52,0,35,0,0,0,0,55,8,32,21,0,0,0,22,28,0,0,0,0,60,71,0,49,0,43,16,0,0,54,0,0,0,0,0,0,0,0,0,0,0,31,0,27,0,27,0,34,0,0,0,11,0,0,0,38,0,0,0,0,7,0,0,0,4,25,42,0,78,0,0,45,0,0,14,0,0,30,0,0,0,43,0,0,86,0,0
2013-01-27,3,4,20,15,7,35,16,13,23,13,9,25,19,1,21,5,0,0,0,10,17,30,19,46,24,22,21,17,71,0,0,0,0,0,0,0,61,0,0,35,14,0,35,17,27,0,0,17,70,44,0,0,0,26,23,32,10,0,0,0,35,0,0,0,0,0,0,25,0,0,0,0,6,0,0,31,0,0,0,0,0,0,0,0,0,0,14,0,0,27,0,25,0,0,0,0,0,7,75,36,44,45,100,0,0,0,8,14,0,0,5,37,0,26,77,0,0,0,0,32,25,0,0,20,0,32,0,0,52,0,0,0,0
2013-02-03,2,4,58,7,6,31,24,9,20,6,23,37,0,1,28,8,0,43,0,14,16,30,0,0,13,26,58,10,48,28,0,0,0,0,100,0,0,0,0,35,14,0,27,17,16,0,0,0,35,0,0,0,0,18,12,47,25,0,0,0,23,0,0,0,0,0,0,57,0,0,0,43,12,0,0,0,0,0,0,0,0,0,0,0,0,0,12,23,0,0,0,25,0,0,0,42,85,13,38,100,0,0,0,0,0,0,16,13,0,0,12,28,0,0,77,0,0,51,0,0,14,0,0,15,0,43,0,0,0,0,0,0,0
2013-02-10,2,3,20,6,4,21,15,12,12,8,17,34,0,1,21,3,79,0,0,8,13,18,0,0,14,16,22,10,32,19,0,0,0,0,0,0,46,0,0,38,19,0,0,26,16,49,39,17,36,0,43,0,0,31,12,28,10,47,0,0,22,28,0,0,0,56,0,37,0,0,0,0,12,0,0,0,0,0,0,0,0,0,0,0,0,0,0,0,0,0,57,29,0,34,0,43,0,6,0,51,0,34,76,0,41,0,11,15,0,0,4,0,0,31,0,0,0,52,0,33,0,0,0,15,0,33,0,0,53,0,0,0,52
2013-02-17,1,5,36,4,6,26,20,9,10,6,27,24,100,0,21,7,0,0,0,7,21,35,0,31,12,31,29,29,34,19,44,0,0,0,0,0,0,0,0,39,0,0,24,30,30,62,38,19,0,0,0,0,0,26,17,20,29,0,0,0,16,28,77,0,0,0,0,25,0,49,0,0,16,0,0,45,31,0,0,0,0,0,0,42,0,0,12,47,0,31,0,42,0,0,0,0,0,8,100,0,58,33,37,0,0,0,9,0,0,0,11,25,31,0,0,0,0,0,32,0,0,0,0,38,0,0,0,56,0,0,0,0,0
2013-02-24,3,3,34,9,7,16,14,8,0,2,23,36,19,0,22,8,0,0,88,13,16,23,0,0,20,44,0,18,27,43,44,0,0,0,0,0,45,0,0,40,18,0,25,30,16,0,0,23,0,32,37,0,0,34,14,18,28,0,43,0,12,73,0,0,0,0,0,61,0,56,0,0,16,0,0,30,30,0,50,0,0,0,0,55,0,0,12,23,0,27,0,48,0,0,0,81,0,9,0,0,0,0,0,0,0,0,13,0,0,0,7,41,0,0,0,0,0,0,0,0,12,62,0,29,0,32,0,42,0,0,0,0,0
2013-03-03,2,4,58,11,7,36,12,15,9,6,13,54,0,1,32,5,0,0,0,14,19,17,0,0,41,23,28,9,27,21,0,0,0,0,0,0,51,0,0,40,14,57,34,29,26,47,0,0,0,0,0,0,44,30,7,18,17,60,50,0,25,31,0,0,0,47,0,80,0,0,0,0,17,0,0,31,40,23,0,0,0,0,44,0,0,0,21,0,0,27,0,37,0,0,0,0,0,12,0,0,0,33,37,0,0,49,10,13,0,0,8,28,0,0,100,0,0,0,42,0,27,0,64,0,0,0,0,84,39,0,0,0,0
2013-03-10,1,3,28,6,6,17,15,8,15,6,9,42,21,0,20,9,0,0,0,12,17,39,0,26,17,26,24,8,33,18,58,0,0,0,0,0,87,0,0,38,15,0,46,29,36,0,0,0,0,0,0,0,0,30,14,33,59,0,0,0,22,27,0,0,0,0,0,32,0,41,0,31,9,0,33,0,34,34,0,0,0,43,58,0,0,0,21,23,0,26,0,41,97,0,54,0,0,8,0,0,0,0,0,62,78,0,18,14,0,0,9,24,0,0,0,0,0,0,0,0,21,0,0,14,0,0,0,41,37,0,0,0,0
2013-03-17,1,5,29,12,5,31,26,9,12,6,20,66,18,1,30,7,0,0,0,10,11,26,0,0,20,0,24,18,84,0,0,0,0,0,0,0,59,0,0,30,18,0,0,46,34,0,0,0,68,0,36,0,0,21,7,26,24,0,58,0,9,0,0,0,0,0,0,24,0,84,0,0,12,0,0,30,0,23,0,0,41,44,0,0,0,0,14,23,65,0,0,61,0,33,0,0,0,13,37,0,43,56,0,0,39,0,7,13,0,0,6,37,0,0,75,0,0,0,54,0,0,0,0,14,0,31,0,0,0,0,0,0,50
2013-03-24,2,3,61,4,6,30,17,9,12,6,20,49,22,1,43,7,0,29,0,8,13,0,0,27,12,15,0,21,28,0,0,0,0,0,0,0,0,0,0,38,21,0,24,39,23,0,0,45,0,33,0,0,0,22,14,32,18,62,45,0,18,28,0,0,0,0,0,75,0,43,0,0,10,0,26,42,31,40,0,0,55,0,60,0,0,0,28,36,0,0,0,41,0,44,0,0,0,9,0,0,59,0,49,0,0,66,16,13,0,0,7,38,0,0,0,0,39,60,0,0,13,0,0,0,0,0,0,0,39,0,0,0,0
2013-03-31,3,4,34,7,6,19,10,11,10,6,16,42,50,1,20,5,0,0,88,9,16,34,0,0,26,46,0,18,51,19,0,0,94,0,0,0,0,0,0,32,14,0,31,38,16,0,0,34,0,0,37,0,0,39,7,0,24,0,0,0,19,0,0,0,0,0,0,69,0,42,0,0,20,0,0,0,0,0,0,0,0,0,0,0,0,0,10,23,0,0,0,25,0,33,0,41,0,6,37,49,58,0,0,0,39,49,7,0,0,0,3,49,31,0,0,0,0,0,0,0,12,0,0,17,0,32,0,42,0,0,0,0,0
2013-04-07,2,6,100,11,6,21,21,9,12,4,20,42,0,0,28,6,0,37,0,8,14,26,19,30,17,15,21,12,100,0,0,0,0,0,0,0,44,0,0,35,0,0,23,46,33,0,0,0,0,0,36,0,0,26,20,26,27,0,57,0,16,27,0,0,0,0,0,35,0,42,0,0,11,0,25,35,33,30,0,0,0,58,0,0,0,0,10,23,0,0,0,40,0,0,0,0,0,8,0,0,0,33,36,63,0,0,13,0,0,0,8,25,0,0,0,0,0,0,0,0,12,0,0,16,0,0,0,0,38,0,0,0,0
2013-04-14,2,6,53,7,7,28,17,10,13,4,23,30,55,1,21,5,0,0,0,10,16,20,0,0,17,15,29,15,34,18,0,0,0,0,73,0,0,0,0,37,14,0,27,68,33,46,0,0,46,0,0,0,0,34,8,53,17,61,0,49,16,36,0,0,0,63,58,35,0,0,0,0,13,0,34,0,0,0,0,0,0,0,0,0,0,0,0,26,49,0,0,53,0,0,55,47,0,8,0,49,0,0,36,0,0,0,7,17,0,0,4,50,31,34,0,0,0,44,31,0,37,0,57,29,28,32,0,0,0,0,0,0,0
2013-04-21,3,5,40,7,14,28,14,13,8,7,15,42,19,1,31,7,0,0,0,9,11,17,0,0,27,15,21,14,41,19,0,0,0,0,0,0,44,0,0,39,28,0,23,41,51,0,0,0,0,32,0,0,43,27,10,33,24,0,0,0,41,27,0,0,0,47,0,79,0,0,0,0,16,0,0,0,33,23,50,0,0,44,0,0,0,0,0,0,0,40,0,44,0,33,0,41,0,4,37,0,0,33,36,0,0,0,8,14,0,47,3,25,0,35,0,0,29,0,43,0,12,0,78,25,0,0,0,42,0,0,0,0,0
2013-04-28,3,3,66,6,7,31,16,8,8,6,13,34,19,0,15,5,0,0,0,7,13,17,0,0,26,31,44,0,14,0,0,0,0,0,75,0,0,0,0,43,0,0,0,52,16,0,0,0,35,0,37,0,0,26,7,27,18,51,0,0,26,0,0,0,0,0,0,25,0,43,0,0,13,62,0,0,0,0,0,0,0,60,51,0,0,0,15,23,50,41,0,0,0,100,0,42,0,7,38,43,0,0,0,0,0,100,0,0,0,0,5,51,0,30,0,0,0,45,0,0,13,0,0,20,0,32,0,0,39,0,0,0,0
2013-05-05,4,3,51,4,13,22,19,16,13,3,20,37,43,1,29,8,0,0,0,10,12,0,26,36,29,0,25,24,31,0,59,0,0,0,0,0,45,0,0,73,14,58,0,56,59,0,0,0,0,0,37,0,0,59,7,28,31,46,0,0,32,28,76,0,0,0,0,61,0,0,0,0,13,0,0,35,30,0,0,0,0,0,60,0,0,0,10,31,0,27,0,33,50,0,0,47,0,6,38,0,0,0,42,0,0,0,7,0,0,0,4,25,0,0,0,0,39,0,32,0,28,0,0,29,0,32,0,0,0,0,63,0,0
2013-05-12,4,6,43,4,7,32,12,13,25,7,26,42,18,1,29,6,0,0,0,12,13,17,0,26,12,15,36,41,40,0,0,0,0,0,0,0,58,0,0,100,15,0,58,67,58,0,0,33,0,0,41,0,0,60,14,33,17,0,49,0,41,27,75,0,0,0,0,60,0,55,0,0,23,0,0,0,0,23,0,0,0,44,0,0,0,79,0,23,0,29,0,41,0,0,0,40,0,13,49,36,0,37,0,0,0,0,12,18,0,46,4,65,0,0,0,0,0,0,0,0,14,0,0,14,0,0,0,0,100,0,0,0,0
2013-05-19,2,5,79,13,11,33,18,9,8,7,13,38,27,1,26,3,0,0,0,10,14,17,19,26,11,26,21,41,37,31,0,0,0,0,0,0,0,0,0,96,0,50,46,42,66,61,0,17,0,0,0,0,0,30,15,33,17,0,0,0,34,0,100,0,0,0,0,95,0,0,0,41,17,0,0,30,0,30,0,0,0,0,44,0,0,40,10,0,0,38,0,44,0,64,0,41,0,16,0,0,0,0,36,0,0,0,0,19,82,46,8,49,35,0,74,0,0,0,0,0,18,0,58,14,0,0,0,42,76,0,0,0,0
2013-05-26,4,4,79,7,12,35,17,11,19,8,18,57,27,1,19,4,0,0,0,12,22,23,22,0,21,22,32,33,18,18,0,0,0,0,0,0,44,0,0,74,15,0,33,55,46,61,0,18,45,0,36,0,0,38,12,26,41,45,43,0,37,46,0,82,0,0,43,48,0,0,0,0,22,0,33,0,30,25,0,0,0,0,0,0,0,33,10,46,0,53,0,36,0,0,0,47,75,8,0,0,0,74,0,0,0,0,20,25,0,47,7,49,0,25,0,0,0,0,32,0,28,0,0,19,27,0,0,41,38,0,0,0,0
2013-06-02,3,8,57,12,8,31,23,22,15,10,19,0,37,1,18,10,0,28,0,9,13,29,37,0,12,37,24,47,20,21,0,0,0,0,0,0,0,0,0,88,27,0,50,100,51,46,0,17,39,0,0,0,0,55,14,39,27,0,0,48,25,0,0,0,0,0,0,24,0,41,0,0,15,0,0,0,30,41,0,45,0,87,0,0,0,0,23,30,0,35,0,38,0,0,0,0,100,6,0,0,0,37,0,0,0,64,12,0,0,0,4,33,0,25,0,0,0,43,31,0,0,0,57,21,0,0,0,0,0,0,0,0,0
2013-06-09,2,8,56,4,11,33,19,19,19,12,15,30,27,0,34,7,0,0,0,16,16,17,49,44,12,30,36,50,40,18,0,0,0,0,0,0,50,0,0,84,15,49,39,99,50,0,0,0,34,0,0,0,0,42,21,52,30,0,0,0,22,27,0,0,0,0,0,41,0,41,0,0,19,0,0,30,30,0,0,80,0,0,0,0,0,0,0,0,0,39,0,24,64,0,0,0,0,11,0,0,0,0,0,0,0,96,14,25,0,0,8,28,0,0,0,0,0,0,0,60,12,0,57,15,0,0,0,0,0,0,0,0,65
2013-06-16,4,8,50,4,9,31,17,22,17,7,36,33,19,2,25,6,75,0,0,15,20,23,19,0,23,33,21,24,60,19,0,0,0,0,0,0,59,0,0,76,14,0,66,63,63,61,0,0,0,0,0,0,0,69,10,53,100,0,0,0,44,30,0,0,0,0,0,61,0,0,85,0,12,61,0,0,30,35,0,0,41,0,0,0,0,0,35,0,0,27,0,52,0,0,0,0,0,8,0,0,0,0,0,0,39,56,7,25,0,0,7,25,31,0,0,0,29,0,0,0,0,0,0,16,0,0,0,42,38,0,0,0,50
2013-06-23,4,8,79,4,13,49,12,13,11,12,36,66,19,1,27,5,0,0,0,12,27,19,19,35,38,0,29,30,71,19,50,0,0,0,73,0,0,0,0,82,0,100,34,43,63,0,38,0,35,0,0,0,0,60,22,46,24,45,43,0,30,47,0,0,0,0,0,24,0,0,0,0,18,0,0,30,30,23,0,0,0,0,0,0,0,0,14,23,0,27,0,73,0,33,0,0,0,7,43,0,43,50,0,0,0,0,21,0,0,0,5,38,0,25,75,0,0,0,0,0,0,0,67,19,0,0,0,0,0,0,0,0,0
2013-06-30,3,4,52,16,9,36,24,21,11,11,11,25,19,1,16,8,0,29,0,9,23,20,26,0,27,18,44,46,56,57,0,0,0,0,0,0,62,0,0,82,14,0,60,87,43,64,0,70,47,0,0,0,0,36,16,68,19,0,44,50,36,28,78,0,0,0,0,45,0,47,0,0,22,0,0,36,31,24,51,0,0,45,0,0,0,0,0,24,0,27,0,55,0,0,0,0,0,8,0,0,0,0,0,0,40,0,10,26,0,0,3,25,86,36,0,0,30,0,0,0,13,0,0,0,0,32,0,0,39,0,0,0,0
2013-07-07,3,8,35,4,9,43,9,23,8,7,9,29,0,1,28,7,0,29,0,10,22,20,0,0,20,47,29,31,59,32,45,0,0,0,75,0,0,0,0,91,19,0,27,43,41,47,39,17,46,0,0,0,0,22,15,32,17,0,50,0,32,47,0,0,0,0,0,42,0,0,0,0,27,0,26,31,31,34,68,0,0,0,0,42,0,0,21,0,0,0,0,25,0,0,0,0,0,13,0,37,0,44,0,0,0,0,0,13,0,0,5,25,32,26,0,0,0,0,0,0,22,0,0,25,0,32,0,0,0,0,0,0,0
2013-07-14,2,4,74,7,9,39,17,13,14,6,20,29,29,1,15,7,0,0,0,10,22,18,39,0,12,23,22,30,28,22,45,0,0,0,75,0,0,0,0,77,16,0,36,57,32,48,0,23,0,33,38,0,0,53,7,75,19,0,0,0,26,32,0,0,0,0,0,63,0,44,0,0,17,0,26,31,0,24,52,0,0,0,0,0,0,0,12,48,0,27,0,37,0,34,76,0,0,9,38,0,0,0,50,0,0,0,12,0,0,0,5,26,0,26,0,88,30,0,0,0,25,0,0,21,0,33,0,0,0,0,0,0,0
2013-07-21,3,5,29,0,5,30,6,9,8,7,18,38,51,1,17,5,0,0,0,12,18,26,19,36,13,17,22,21,48,19,0,0,0,0,0,0,45,0,96,60,0,0,35,48,21,64,0,34,0,0,0,0,0,44,7,37,21,46,44,50,45,28,0,0,0,0,0,36,0,49,0,0,15,0,0,0,0,0,0,0,0,0,45,0,0,0,14,23,0,0,0,28,0,0,0,56,0,13,38,0,0,0,0,0,0,0,0,17,0,0,6,25,0,26,0,0,30,0,0,23,23,0,0,0,0,43,0,0,39,0,0,0,51
2013-07-28,1,5,23,0,7,36,12,26,16,7,17,38,0,1,22,4,76,28,0,9,15,52,0,53,12,17,44,39,27,32,0,0,0,0,0,0,0,0,0,76,28,0,47,51,35,62,0,19,35,0,49,0,0,57,27,28,14,0,0,57,54,27,0,0,0,0,0,49,0,49,0,0,12,0,25,31,0,23,0,0,0,0,44,0,0,0,11,71,0,27,0,33,0,0,74,0,0,6,0,0,0,33,0,0,0,0,8,0,0,0,3,25,0,26,0,0,0,0,0,0,25,0,59,15,0,0,0,0,0,0,0,0,0
2013-08-04,2,8,35,7,6,26,14,17,14,5,30,17,26,2,25,7,0,0,0,11,16,20,19,0,17,16,25,18,11,22,0,0,0,0,0,0,46,0,0,95,28,0,24,35,30,64,39,35,0,0,0,0,0,26,10,37,28,47,44,0,55,28,79,63,0,0,0,24,0,44,0,0,14,0,0,0,0,32,0,0,0,0,0,43,0,0,11,0,0,73,0,25,0,0,0,0,0,11,0,50,0,0,0,0,0,0,0,0,0,0,4,25,0,0,0,0,40,0,0,0,25,0,0,30,0,0,0,57,0,0,0,0,0
2013-08-11,5,7,37,6,9,39,9,25,16,5,27,34,22,1,30,7,0,0,0,11,19,18,0,27,30,31,25,37,28,19,0,0,0,0,0,0,0,0,0,71,16,51,0,43,37,95,38,0,0,0,0,0,0,39,12,21,19,0,45,0,29,0,0,0,0,48,0,25,59,43,0,0,17,0,0,42,31,47,0,41,0,60,45,0,0,0,0,0,50,27,0,62,0,0,0,0,0,7,38,37,0,0,0,0,0,66,7,13,0,0,3,25,0,0,0,0,0,0,0,0,23,0,59,30,0,0,0,0,39,0,0,81,0
2013-08-18,5,12,21,4,8,38,15,52,14,9,45,44,18,1,22,5,0,28,0,12,20,31,19,26,17,33,49,33,41,32,0,0,0,0,0,0,0,0,0,64,0,0,23,38,42,46,0,22,34,31,0,0,0,34,7,27,14,0,0,0,44,0,75,0,0,0,0,55,0,48,0,0,7,0,33,30,60,0,0,0,0,44,44,41,83,30,24,23,0,27,0,41,0,0,0,0,0,8,50,0,0,47,0,0,0,0,0,0,0,0,4,37,31,25,0,0,29,0,0,0,21,0,0,29,0,0,0,0,0,0,0,0,0
2013-08-25,4,17,56,4,8,26,11,35,8,10,22,24,24,1,21,8,0,0,0,8,23,18,19,25,16,29,42,26,56,33,0,0,0,0,0,0,43,0,0,65,0,0,26,41,23,45,37,16,0,31,0,0,0,38,12,41,27,44,42,0,22,26,0,69,0,0,0,63,0,0,0,0,26,0,33,0,44,0,0,0,0,0,0,0,0,0,10,0,0,30,0,44,0,31,0,0,0,8,41,0,0,32,0,0,0,0,8,0,0,0,3,0,30,0,0,0,0,0,0,0,22,0,0,14,0,61,0,55,0,0,0,0,0
2013-09-01,3,11,49,0,5,34,8,11,16,8,16,22,0,1,22,5,0,0,0,10,16,36,18,0,25,17,21,20,20,24,0,0,0,0,95,0,43,0,0,64,0,0,26,65,57,0,0,16,0,31,0,0,0,42,26,18,23,0,42,47,49,71,0,0,0,45,0,23,0,41,0,0,18,0,0,58,29,22,0,0,0,0,0,0,0,0,0,60,47,26,0,34,0,0,0,0,0,10,36,0,42,32,35,0,38,0,7,0,0,0,9,24,40,49,0,0,0,0,0,0,20,0,0,14,0,30,0,0,0,0,82,0,0
2013-09-08,4,13,41,4,7,43,16,17,11,5,20,32,17,1,21,5,0,53,0,8,21,28,0,0,32,16,30,34,48,35,42,0,0,0,0,0,42,0,0,66,13,0,22,24,49,0,0,0,43,0,0,0,0,37,11,30,24,0,41,47,24,44,0,0,0,0,0,23,0,40,0,0,17,0,0,0,29,25,0,0,0,0,0,0,0,0,11,22,0,42,0,31,0,0,0,39,0,8,0,0,0,31,0,0,0,46,7,12,0,0,0,23,0,28,0,61,32,0,0,0,30,0,0,20,0,0,0,40,0,0,0,0,0
2013-09-15,4,15,88,0,7,35,13,14,10,11,15,47,20,2,29,6,0,31,0,10,14,16,18,25,24,31,100,40,51,25,0,0,0,0,0,0,0,0,0,58,19,0,43,31,39,44,47,16,49,0,0,0,0,24,14,19,27,57,0,0,18,0,0,0,0,45,0,39,0,0,0,0,11,0,23,0,28,29,0,0,0,42,0,0,0,0,10,32,0,25,0,69,0,31,0,0,0,13,35,0,0,31,34,0,0,62,13,16,0,0,4,51,0,0,0,0,36,0,0,0,12,0,0,27,0,0,0,0,0,0,0,100,0
2013-09-22,2,7,75,5,9,32,12,20,15,6,19,46,18,1,16,8,73,0,0,13,14,57,0,0,16,22,0,23,52,17,41,0,0,0,0,0,0,0,0,49,15,0,45,32,33,0,48,16,0,0,0,0,0,41,18,20,22,0,0,0,21,0,0,0,0,0,0,42,0,0,0,0,18,0,24,0,29,0,0,0,0,0,0,0,0,0,13,22,46,25,0,46,0,0,0,39,0,9,0,0,41,42,0,0,0,0,10,12,0,0,5,32,0,0,0,0,0,0,0,0,0,0,0,0,0,30,0,0,0,0,0,0,0
2013-09-29,3,6,40,3,3,41,14,22,12,7,21,35,0,2,35,7,71,0,0,18,13,21,0,24,32,14,29,20,26,35,0,0,0,0,0,0,42,0,0,47,13,0,22,24,42,0,0,27,43,0,0,0,0,28,9,68,16,42,0,0,41,0,0,0,0,0,0,39,0,39,0,29,11,0,0,0,0,0,0,0,0,41,0,0,0,0,10,0,0,29,0,80,0,0,0,0,0,9,47,0,46,0,34,0,48,0,0,0,0,0,6,23,0,24,0,0,0,0,0,22,15,0,0,23,0,30,0,45,0,0,0,0,0
2013-10-06,3,4,61,5,5,27,14,9,17,4,31,34,40,2,25,7,0,35,0,11,16,18,0,33,16,43,35,28,35,30,42,0,0,0,0,0,0,0,0,54,13,0,22,16,32,0,0,21,0,0,0,0,0,33,11,35,10,0,0,0,28,28,0,0,0,45,0,46,0,0,0,39,18,0,0,31,33,0,47,0,0,0,0,0,0,0,10,32,0,43,0,42,0,0,0,39,0,4,0,0,0,35,46,0,0,47,7,0,0,0,4,0,0,25,0,0,0,0,0,0,27,0,0,30,0,0,39,0,0,0,0,0,0
2013-10-13,3,6,41,5,12,35,9,9,22,6,31,68,24,0,25,5,0,0,0,17,13,0,18,0,20,14,29,15,25,17,0,0,0,0,0,0,41,0,0,56,0,0,44,28,32,0,0,0,32,0,35,0,0,37,21,49,18,0,0,46,27,26,0,0,0,0,0,26,0,39,0,0,16,0,0,28,31,0,47,0,0,0,0,38,0,0,0,22,0,25,0,43,0,0,0,39,72,10,0,0,41,0,0,0,0,0,7,0,0,0,3,27,0,0,0,81,27,41,0,0,17,0,0,15,26,40,0,0,0,0,60,0,0
2013-10-20,3,3,47,5,8,37,14,13,13,6,18,28,20,1,16,6,0,0,0,17,13,18,23,32,37,32,78,28,38,39,0,0,0,0,0,0,0,0,0,49,0,0,37,18,53,0,0,27,0,0,0,0,0,44,12,39,19,0,0,0,23,66,70,0,0,0,0,29,0,0,0,58,10,0,0,28,32,0,0,0,43,0,0,0,0,0,17,21,0,49,0,45,0,30,0,0,0,11,34,0,0,30,0,0,36,0,13,12,0,0,4,30,29,0,0,0,0,0,0,0,23,0,0,27,0,0,0,0,0,0,0,0,0
2013-10-27,2,5,27,4,7,32,8,12,11,4,15,90,30,1,33,6,0,26,0,15,15,48,0,25,22,26,20,20,47,23,41,0,0,0,68,0,76,0,0,44,0,62,25,43,43,0,0,21,0,30,0,0,0,48,6,29,20,0,40,0,38,25,0,0,0,0,0,52,0,40,0,0,12,0,0,57,0,21,47,0,39,0,0,0,0,0,28,22,0,33,0,34,0,0,0,0,0,11,35,0,0,35,0,0,0,0,9,0,0,0,7,46,0,0,0,0,0,0,0,0,17,0,0,31,0,0,0,0,0,0,0,0,0
2013-11-03,5,7,31,5,10,26,23,15,25,8,29,50,17,1,42,6,0,30,0,12,22,32,0,26,27,19,39,17,22,25,0,0,0,0,68,0,55,0,0,47,0,0,0,24,27,0,0,0,0,0,0,0,0,32,6,25,29,48,0,0,32,25,0,0,0,0,0,51,0,39,0,0,19,56,0,32,0,0,0,0,0,0,41,0,0,0,10,21,0,27,0,66,0,30,0,65,0,6,0,0,0,30,0,0,36,0,6,0,0,0,7,23,38,0,0,0,0,0,0,0,0,0,0,19,0,0,0,39,0,78,0,0,0
2013-11-10,4,5,47,5,9,36,10,17,7,7,9,50,26,0,26,5,0,0,0,11,11,40,18,0,16,14,20,25,37,0,41,0,0,0,0,0,0,0,0,40,13,0,29,35,19,0,0,15,0,0,0,0,0,49,18,37,25,42,0,0,37,0,0,0,0,0,0,24,0,0,0,0,17,56,23,0,37,28,0,0,50,0,0,0,0,0,0,22,0,25,0,45,0,30,0,0,70,7,0,0,40,0,45,0,0,0,0,12,0,0,5,23,0,0,0,0,0,0,0,0,0,0,71,30,0,0,0,0,35,0,0,0,0
2013-11-17,3,6,45,6,11,31,13,12,14,8,21,26,17,1,17,5,0,0,0,14,13,21,23,0,11,24,26,27,46,19,0,0,0,0,0,0,0,0,0,44,0,45,32,66,43,0,34,0,0,0,0,0,0,49,18,38,28,0,39,0,49,0,0,0,0,0,0,56,0,0,0,0,13,0,26,0,28,31,0,0,0,0,54,0,0,0,19,46,0,24,0,22,0,0,0,50,0,6,0,0,0,0,0,0,0,0,6,0,0,0,4,41,0,27,0,0,0,0,0,0,29,0,0,28,0,0,0,0,0,0,0,0,0
2013-11-24,1,5,33,5,5,23,13,15,7,7,14,61,19,1,24,9,0,0,0,10,18,16,23,0,51,24,53,17,29,17,0,0,0,0,0,0,0,0,0,60,34,0,0,39,35,0,0,0,0,39,0,0,0,36,18,49,9,0,0,0,61,0,0,0,0,43,0,32,0,0,0,0,14,0,0,32,32,28,0,0,0,40,81,38,0,0,10,28,0,24,0,33,61,30,0,0,0,6,46,33,46,30,0,0,0,45,6,0,0,0,7,0,0,23,0,0,0,0,0,0,11,0,0,38,0,29,0,0,0,0,0,0,46
2013-12-01,2,3,18,4,8,18,14,11,13,11,24,27,0,1,24,7,0,0,0,10,25,21,17,24,27,13,19,13,17,22,39,0,0,0,0,0,0,0,84,53,14,0,42,19,30,56,0,0,0,0,0,0,39,31,9,28,25,55,0,43,40,24,0,0,0,0,0,47,0,0,0,0,18,0,0,0,27,21,0,0,0,0,0,0,0,0,13,41,0,44,0,35,44,0,0,37,0,5,0,0,39,29,33,0,0,0,7,0,0,0,4,0,28,0,67,0,0,0,0,0,33,0,52,28,0,0,42,0,34,0,0,0,0
2013-12-08,2,6,54,14,7,27,11,10,10,10,12,45,0,1,19,8,0,0,0,15,18,31,17,24,19,0,20,25,37,17,0,0,0,0,0,0,0,0,0,48,13,46,0,27,27,42,0,17,31,0,0,0,40,27,17,25,34,0,0,0,63,0,0,0,0,0,0,72,0,44,59,38,9,0,23,37,0,48,0,49,0,0,40,0,0,0,14,0,0,35,0,22,45,0,0,50,0,6,0,44,0,0,0,0,36,90,0,0,0,0,5,23,38,0,0,0,27,0,0,0,12,0,53,33,0,33,0,51,0,0,0,0,0
2013-12-15,2,9,41,8,8,22,5,26,11,7,22,68,0,1,24,10,71,26,0,13,17,16,24,25,38,38,0,8,28,50,0,0,0,0,0,74,41,0,0,59,13,47,55,32,43,44,48,21,32,0,0,0,0,32,20,25,32,43,41,0,74,0,96,0,0,0,0,34,54,39,0,29,11,0,23,57,0,21,0,0,0,41,0,45,0,0,0,0,0,40,0,39,0,0,0,0,96,7,35,39,40,61,59,0,0,0,11,16,0,0,4,23,0,28,0,0,37,0,40,0,25,57,0,13,0,30,0,39,0,0,0,74,0
2013-12-22,3,16,37,6,6,19,8,9,14,8,0,29,0,2,21,5,0,0,0,10,13,0,0,54,18,0,0,21,49,0,0,0,0,0,0,0,0,0,0,28,14,0,24,36,47,0,0,0,0,33,0,0,0,36,7,0,11,47,0,0,33,28,0,0,0,0,0,75,0,0,0,0,8,0,26,0,0,32,0,0,0,0,0,0,0,0,16,48,68,0,0,0,0,0,0,0,78,9,44,0,0,58,0,0,0,50,0,0,0,0,4,35,0,36,0,0,0,45,0,32,13,0,0,40,0,0,0,0,0,0,0,0,0
2013-12-29,2,12,39,4,9,15,11,7,9,10,26,48,0,1,14,5,0,28,0,8,15,23,0,26,23,22,21,16,30,36,0,0,0,0,0,0,0,0,0,45,14,56,26,29,57,0,0,17,0,0,0,0,0,47,19,39,19,0,0,0,22,27,0,0,0,0,0,24,0,42,0,42,11,60,0,60,0,46,0,0,0,0,0,0,0,52,14,0,0,0,0,41,0,0,0,54,75,9,64,49,42,0,0,0,39,0,7,0,0,0,12,0,41,0,0,0,33,43,0,0,0,0,58,41,0,0,0,0,0,0,63,0,0
2014-01-05,2,7,35,5,8,25,10,16,15,11,16,30,0,1,21,9,0,0,0,10,32,21,23,41,31,27,35,24,42,16,45,0,83,0,0,0,40,0,0,45,0,88,21,23,19,0,0,20,31,0,33,0,0,27,11,36,15,40,0,0,48,28,0,0,0,0,0,55,0,43,57,0,16,0,22,54,0,23,0,0,0,39,39,37,0,0,16,20,0,24,0,43,0,0,0,0,0,7,33,33,0,29,32,0,35,0,6,0,74,0,7,60,0,0,0,0,0,0,28,21,12,0,0,26,0,28,0,0,0,0,0,0,45
2014-01-12,3,11,17,7,11,28,12,16,20,15,12,21,33,2,24,5,67,25,0,11,32,15,17,0,26,31,25,26,33,28,0,0,0,0,65,0,39,0,0,57,0,0,47,22,55,0,50,15,0,0,0,0,0,49,17,56,15,0,51,0,69,24,0,0,0,0,52,21,0,99,0,0,18,0,22,58,0,60,44,0,0,0,39,0,0,0,27,40,0,35,0,46,0,0,0,0,0,12,44,0,51,29,0,0,46,0,7,0,0,0,7,22,0,0,66,0,0,38,0,0,22,0,69,51,0,28,0,40,0,0,0,0,44
2014-01-19,4,18,31,13,7,23,9,17,15,15,20,21,16,3,20,6,0,0,0,15,39,34,25,83,10,14,27,21,26,18,65,0,0,0,0,0,0,0,0,66,12,0,0,22,36,0,33,17,40,0,0,0,0,26,15,54,44,39,0,0,41,94,0,0,0,0,0,42,0,0,0,0,30,0,22,57,26,59,0,0,36,38,38,36,0,0,9,29,0,25,48,28,0,0,0,0,0,18,56,0,0,0,0,0,37,0,8,11,0,40,8,39,27,25,0,0,0,75,0,0,19,0,0,23,0,27,36,0,0,0,0,0,0
2014-01-26,4,47,25,12,9,25,18,26,7,18,17,58,28,4,21,7,65,0,0,13,38,30,0,100,33,29,54,18,53,28,0,0,0,0,0,0,44,0,0,47,20,50,23,29,40,0,0,0,0,0,43,0,0,23,21,27,18,39,37,0,41,34,0,0,0,0,38,46,0,0,0,0,28,0,29,0,0,0,0,0,0,38,38,36,0,0,18,0,0,31,0,72,0,0,0,36,0,11,32,0,0,0,32,0,34,49,7,12,0,0,8,24,0,25,0,0,25,38,0,0,24,0,50,14,0,0,0,36,0,0,73,0,0
2014-02-02,4,19,33,6,7,34,18,18,8,9,21,60,19,3,15,4,0,0,0,17,32,37,17,35,18,41,19,19,18,17,80,0,0,0,0,0,0,0,0,56,16,0,21,34,53,42,34,20,31,0,33,0,0,16,20,33,34,42,0,0,74,70,0,0,0,0,0,100,52,38,59,28,15,55,23,0,0,36,0,37,38,0,40,38,0,0,19,27,44,24,0,0,44,0,0,75,0,11,34,0,0,30,0,0,35,0,10,0,0,0,6,26,0,23,0,0,34,0,0,0,25,0,0,33,0,0,0,38,0,0,57,0,46
2014-02-09,3,10,18,3,9,30,11,15,0,10,14,46,0,2,19,9,0,0,0,14,20,25,16,24,10,22,21,26,14,21,0,0,0,0,0,0,0,0,0,51,13,0,22,22,32,0,64,14,0,0,0,0,0,22,21,83,20,0,0,42,27,31,0,0,0,0,0,41,0,0,0,27,19,51,0,26,0,0,0,0,0,0,0,0,0,0,24,26,0,39,0,62,42,0,0,35,0,11,32,0,0,0,41,0,67,0,9,11,0,40,9,23,0,22,0,0,0,75,36,0,18,0,0,36,0,31,0,0,0,0,0,0,0
2014-02-16,3,12,30,15,13,29,22,18,10,8,20,47,56,3,23,7,0,0,0,13,30,37,22,39,15,18,37,21,16,24,0,0,0,0,0,0,0,0,0,40,0,0,52,33,55,0,36,20,30,0,32,0,0,15,11,16,21,53,0,0,14,47,0,0,0,0,0,38,0,37,0,0,18,0,22,72,0,20,0,0,0,0,0,0,0,27,12,20,42,39,0,46,0,0,0,0,0,5,33,0,37,0,0,0,0,49,0,22,0,0,6,22,0,0,0,0,0,0,32,0,27,0,51,27,0,37,0,40,0,0,55,0,88
2014-02-23,2,14,43,37,42,32,15,16,0,9,15,31,18,4,26,6,64,0,100,16,21,17,0,0,29,15,36,39,23,16,0,0,0,0,0,0,38,75,0,41,0,0,27,25,40,0,0,0,0,37,0,0,0,22,8,23,24,0,0,0,27,27,0,0,0,0,37,38,0,0,0,0,18,0,0,60,0,36,0,0,0,75,37,0,95,26,9,0,0,26,0,44,0,0,0,0,0,9,43,0,0,75,0,0,0,56,8,0,70,0,4,21,26,0,0,0,33,37,36,20,42,0,0,49,0,0,0,0,0,0,0,0,0
2014-03-02,2,14,38,25,21,29,35,15,17,11,23,31,16,10,33,8,0,0,0,13,25,24,22,0,33,20,19,16,18,32,38,0,0,0,0,0,0,0,0,52,0,0,66,26,55,0,33,15,0,0,0,0,0,49,13,45,8,0,0,57,30,27,0,0,0,0,0,48,0,37,0,0,11,53,29,26,29,20,0,0,0,0,0,0,0,35,9,0,42,80,0,34,0,0,48,0,0,10,0,0,0,33,32,0,0,0,7,0,0,0,5,0,0,22,0,0,100,51,28,27,31,0,0,36,0,27,0,73,0,0,0,0,0
2014-03-09,1,8,20,18,19,25,12,9,10,9,16,31,19,5,24,11,0,0,0,17,19,15,16,23,44,35,28,16,15,28,0,0,0,0,0,0,38,0,82,53,12,0,22,20,40,0,0,14,30,0,0,0,0,33,26,36,33,39,38,0,22,0,0,0,0,0,0,38,0,0,0,0,12,0,0,26,0,23,0,0,0,0,0,41,0,0,9,23,0,38,0,42,42,0,0,0,0,10,0,0,100,32,0,0,0,0,13,11,0,0,5,25,36,0,0,0,0,51,28,0,14,0,51,100,0,27,0,0,0,0,0,0,0
2014-03-16,3,10,39,22,41,29,21,16,8,9,23,52,0,5,24,6,0,25,0,12,31,15,0,68,35,0,47,23,15,35,0,0,0,0,0,0,77,0,0,47,12,0,44,26,51,0,0,29,0,0,31,0,0,48,13,42,49,53,51,0,52,0,0,0,0,0,0,69,0,0,0,27,27,0,22,0,0,20,0,0,0,0,0,0,0,0,10,40,57,37,0,62,0,0,0,0,0,10,32,0,43,49,0,0,0,0,13,11,0,0,5,21,27,22,0,0,0,0,27,20,24,0,0,59,0,47,0,0,0,0,0,0,0
2014-03-23,1,12,37,23,26,25,16,16,11,5,8,33,16,3,31,8,0,0,0,9,31,39,0,23,25,15,32,18,14,46,37,0,0,0,0,0,57,100,0,66,12,0,27,15,43,0,32,0,29,0,31,0,0,48,11,36,50,52,0,0,27,40,0,0,0,0,37,60,0,36,0,0,24,0,0,52,26,20,0,0,35,0,38,0,0,26,13,0,0,49,47,77,0,0,47,0,0,13,0,0,0,42,0,0,33,0,6,11,0,0,3,37,46,0,0,0,0,0,27,27,50,0,66,53,0,26,0,48,33,0,53,0,0
2014-03-30,2,14,25,20,20,27,15,27,15,6,26,16,22,2,30,12,0,0,0,12,23,15,0,23,15,20,21,23,20,27,0,0,0,0,0,0,0,0,0,56,16,47,37,41,44,0,0,15,0,0,0,0,75,41,6,34,42,0,0,0,44,35,0,0,0,41,0,48,0,41,0,0,29,52,25,26,0,0,0,0,0,0,38,0,0,0,13,30,0,25,0,21,0,0,0,36,0,4,0,0,38,38,42,0,0,0,8,0,0,0,5,43,36,22,0,0,33,51,0,0,32,0,50,37,0,47,0,0,33,0,0,68,58
2014-04-06,2,8,39,11,16,34,18,17,20,7,20,74,0,2,20,3,0,0,0,10,22,33,0,61,23,39,19,18,44,18,0,0,0,0,0,0,39,0,0,57,16,0,52,41,32,0,0,29,30,0,0,0,0,37,17,0,38,39,0,0,33,54,88,0,0,0,0,32,0,37,0,0,20,53,25,30,29,0,0,35,36,0,0,48,0,26,0,27,0,23,0,31,0,0,0,36,0,4,32,0,0,29,0,0,34,57,6,11,0,0,3,25,0,22,0,0,0,0,0,0,18,0,50,46,0,27,0,37,0,73,0,0,48
2014-04-13,1,5,21,14,10,20,11,8,11,5,16,30,45,3,14,10,0,0,0,9,17,31,0,0,21,16,22,19,21,19,44,0,0,0,0,0,0,0,0,39,0,45,21,23,28,0,34,15,0,0,0,0,0,31,9,38,19,0,0,0,29,73,0,0,0,0,0,66,0,0,0,28,15,0,0,28,27,24,0,0,0,39,0,0,0,0,11,21,0,24,0,64,0,0,50,0,0,9,0,0,0,0,33,0,0,45,17,0,0,0,3,22,0,23,92,0,26,0,39,0,22,0,0,28,0,28,0,38,0,0,0,0,0
2014-04-20,2,10,18,14,17,28,15,12,15,8,16,34,0,2,20,6,0,0,0,11,18,22,0,31,19,27,0,25,24,24,0,0,0,0,0,0,0,0,0,38,14,45,21,34,34,0,0,20,31,0,0,0,0,31,9,16,15,0,0,0,39,24,0,0,0,42,0,37,0,64,0,0,15,0,0,0,0,0,0,0,0,39,0,0,0,0,9,31,0,0,0,49,0,0,0,49,0,4,0,0,52,32,0,0,0,0,8,0,0,42,3,44,28,0,0,0,35,0,0,21,16,0,52,47,0,0,0,0,0,0,0,0,0
2014-04-27,1,5,51,8,19,21,18,13,18,4,24,26,33,3,27,6,0,25,0,10,18,25,25,23,10,23,19,13,39,24,0,0,0,0,0,0,0,0,0,40,0,43,23,22,41,0,0,0,0,0,0,0,0,57,6,23,27,40,37,0,30,41,0,0,0,0,0,31,0,0,0,0,20,0,30,26,26,27,0,0,0,0,0,0,0,0,16,20,0,0,0,54,0,0,0,0,0,8,0,0,0,0,43,75,0,0,7,0,0,0,4,40,27,31,0,0,0,0,0,28,20,0,0,27,0,0,0,0,0,73,0,0,0
2014-05-04,4,7,51,18,18,27,11,14,7,5,28,26,0,1,32,9,0,0,0,9,20,32,22,0,22,13,18,23,29,18,0,0,0,0,0,0,0,0,0,40,24,0,20,50,30,0,0,19,0,0,36,0,0,48,10,16,18,39,0,57,41,24,0,0,0,0,0,53,66,0,0,0,20,0,0,30,0,20,50,0,0,0,0,36,0,0,9,60,42,46,0,36,0,0,0,0,0,7,43,0,0,38,31,0,45,0,9,0,0,0,5,29,0,22,0,0,0,38,47,0,11,0,0,23,0,27,0,0,0,0,0,0,0
2014-05-11,1,8,25,9,13,16,19,14,0,5,20,43,16,2,27,8,0,0,0,12,19,15,16,0,10,15,32,21,41,18,0,0,0,0,0,0,0,0,0,31,12,0,40,20,36,40,44,0,40,0,0,0,51,37,15,36,12,0,0,0,34,23,0,0,0,0,0,30,0,40,0,0,9,0,0,0,0,0,0,0,0,0,0,0,0,0,20,27,0,23,0,50,0,0,64,0,0,5,0,0,0,0,0,0,33,0,10,0,0,54,5,21,27,22,0,0,25,0,0,20,21,0,0,18,0,27,0,0,33,0,0,0,0
2014-05-18,1,6,33,9,10,22,16,12,12,6,17,33,26,2,16,8,0,0,0,7,12,21,0,24,12,0,29,15,56,17,0,0,0,0,0,0,0,0,0,41,0,0,37,31,27,0,0,21,0,0,45,0,0,28,11,33,16,42,0,0,35,43,0,0,0,43,0,24,0,0,0,33,14,0,0,28,0,0,46,0,0,0,40,0,0,0,10,21,0,46,0,71,45,0,0,0,0,4,0,0,0,0,0,0,0,60,0,15,0,0,11,65,38,0,0,0,0,0,0,0,23,0,53,29,0,0,0,0,0,0,0,0,0
2014-05-25,2,10,19,13,14,13,10,14,9,5,9,37,18,2,16,8,0,0,0,11,12,19,0,51,11,15,24,17,46,0,0,0,0,0,0,0,0,0,0,34,0,0,39,61,28,45,0,0,33,0,0,0,0,50,10,18,18,59,0,0,43,70,0,0,0,0,0,35,0,40,0,0,20,0,0,0,33,0,0,0,40,0,0,0,0,0,11,0,0,60,53,47,0,0,0,40,0,12,0,0,0,63,35,0,0,0,7,12,0,0,0,24,0,0,0,0,0,0,0,60,22,0,56,25,0,30,0,40,0,0,0,0,0
2014-06-01,3,6,49,17,7,20,16,14,0,8,25,37,18,1,22,12,0,0,0,12,19,0,0,0,19,25,0,14,62,18,42,0,0,0,0,0,0,0,0,41,13,0,23,37,26,0,0,0,0,0,48,0,0,46,9,18,27,0,0,47,55,29,0,0,0,62,0,51,0,81,0,0,14,0,0,59,0,0,48,0,40,42,0,0,0,0,18,30,0,26,0,31,0,0,0,0,74,11,0,35,0,0,0,0,0,0,7,12,0,0,5,24,34,25,0,0,28,0,0,0,20,0,56,14,0,30,0,40,37,0,0,0,0
2014-06-08,2,7,35,13,11,16,12,13,0,13,22,29,21,2,17,4,0,28,0,9,14,19,0,34,17,17,21,18,49,18,0,0,0,0,0,0,50,0,0,47,13,65,22,29,30,45,37,0,38,0,35,0,0,46,9,30,41,0,0,0,31,26,0,0,0,0,42,27,0,0,0,0,15,0,0,44,0,22,49,0,0,0,0,0,0,0,17,22,0,0,0,69,0,0,0,0,0,8,36,0,0,0,35,0,0,0,7,0,0,0,3,48,41,25,0,0,0,0,0,0,14,81,0,46,0,0,0,41,0,0,0,0,0
2014-06-15,2,11,26,4,8,17,15,23,15,8,18,84,21,1,28,6,0,27,0,10,17,18,19,26,25,27,21,14,20,36,0,0,0,0,0,0,0,0,0,45,13,0,0,33,33,0,0,16,0,0,0,0,0,51,19,20,32,60,0,47,56,58,0,61,0,46,0,26,0,41,0,0,19,0,24,0,0,61,0,0,0,0,0,46,0,30,0,33,0,26,0,43,0,0,0,40,0,13,49,0,0,32,48,0,38,0,12,12,0,0,3,35,41,0,0,0,0,0,31,0,32,0,0,20,0,31,0,0,0,0,0,0,0
2014-06-22,1,7,58,11,9,17,11,13,8,8,32,29,54,1,14,7,0,0,0,7,17,17,0,26,25,17,42,21,45,18,0,0,0,0,0,0,44,0,0,35,27,0,0,15,53,0,0,16,0,0,0,0,0,42,7,31,13,0,0,0,49,35,0,0,0,0,0,48,0,42,63,0,18,0,0,0,59,26,50,0,0,0,86,41,0,40,10,26,47,26,0,43,0,0,54,0,0,6,36,0,0,32,41,0,0,0,8,0,0,61,0,0,41,0,0,0,29,0,0,0,18,0,0,46,0,41,0,41,0,0,0,0,0
2014-06-29,3,6,36,7,6,21,28,13,8,9,10,18,21,1,28,3,0,0,0,9,21,17,19,26,34,0,32,24,64,18,0,0,0,0,0,0,0,0,0,42,0,0,23,26,31,0,0,17,0,0,0,0,0,30,11,21,31,45,43,0,22,27,0,61,0,0,0,41,0,0,0,0,11,0,0,30,0,42,0,0,0,0,59,0,0,0,12,23,0,26,0,45,0,0,0,41,0,7,0,0,0,32,0,0,0,0,10,25,0,0,3,24,0,0,0,0,0,0,0,0,12,0,0,31,0,42,0,0,0,0,62,0,0
2014-07-06,3,5,39,11,7,23,20,15,20,4,9,37,18,1,21,7,74,32,0,5,17,29,19,26,34,0,0,20,49,18,0,0,0,0,0,0,50,0,0,40,0,0,0,33,22,0,37,16,38,0,0,0,0,35,13,20,26,0,0,0,22,40,0,0,0,0,0,81,57,41,0,0,13,0,0,0,0,33,0,0,0,0,43,0,0,0,10,0,0,53,0,41,0,0,0,41,0,6,55,0,0,32,0,0,38,0,7,0,0,0,3,24,0,0,0,0,28,0,0,0,12,0,0,20,0,41,0,0,0,0,61,0,0
2014-07-13,1,7,20,8,5,29,13,9,19,6,26,22,18,2,30,10,0,37,0,8,21,29,0,0,20,15,36,15,37,21,0,0,0,0,0,0,44,0,0,32,27,0,23,38,23,46,37,0,0,0,0,0,0,34,7,0,20,45,0,0,56,27,0,0,0,0,0,24,0,0,0,0,18,0,0,30,0,0,0,0,0,0,43,0,0,0,10,0,0,39,0,52,0,0,0,40,0,9,0,48,0,0,0,0,38,0,9,0,0,0,6,33,30,0,0,0,0,0,0,23,24,0,0,32,0,0,0,41,0,0,0,0,99
2014-07-20,1,7,21,9,6,23,25,10,11,7,10,18,25,4,16,9,0,0,0,8,17,34,0,35,34,15,21,16,27,0,0,0,0,0,0,0,43,0,0,34,18,49,23,21,54,0,100,0,0,0,36,70,43,43,11,18,38,0,0,0,56,27,0,0,0,0,0,41,0,0,0,0,13,0,0,30,40,0,57,0,0,0,0,0,0,0,0,23,0,30,0,43,0,0,0,41,75,7,0,0,0,65,0,0,0,0,0,21,0,0,4,24,0,0,0,0,29,0,42,0,49,81,0,16,0,0,0,42,0,0,0,78,0
2014-07-27,2,12,23,11,7,24,12,16,8,9,18,42,19,4,17,8,0,0,0,9,21,23,19,57,25,20,24,8,34,27,44,0,0,0,0,0,44,0,0,31,0,0,0,38,29,0,0,17,0,0,0,0,0,34,7,31,31,91,0,0,47,54,0,0,0,0,0,53,0,0,0,0,13,0,50,60,0,23,0,0,41,58,0,0,0,0,10,0,0,49,0,35,0,0,0,0,0,13,37,0,0,66,0,0,0,0,9,0,0,0,4,25,41,26,0,0,0,0,0,0,18,0,0,52,27,31,0,42,0,0,0,0,0
2014-08-03,1,15,20,20,9,26,17,15,12,8,28,49,29,3,16,9,0,0,0,8,22,20,19,27,22,16,22,0,24,19,0,0,0,0,0,0,0,0,0,35,26,0,0,30,26,0,0,0,0,0,0,0,0,27,16,37,19,0,0,0,42,56,0,0,0,0,0,25,0,0,0,0,11,0,0,57,36,24,0,0,0,0,0,0,0,31,18,32,0,27,0,36,0,0,0,0,0,11,0,0,0,34,37,0,0,0,7,17,0,0,0,25,0,0,0,0,0,0,37,0,29,0,59,37,0,0,43,49,0,0,0,0,59
2014-08-10,3,11,42,17,5,37,12,8,9,6,22,37,20,2,29,8,0,0,0,7,13,31,0,0,21,0,24,24,36,36,0,0,0,0,0,0,0,0,0,32,0,0,0,42,38,0,43,0,0,0,0,0,0,35,15,0,9,45,0,0,37,27,74,0,0,0,0,52,0,41,0,30,16,0,0,30,0,34,0,0,0,49,0,0,0,0,11,0,0,26,54,32,0,0,54,0,0,6,0,0,0,43,71,0,38,0,7,12,0,0,3,28,0,100,0,0,0,0,31,0,12,0,57,21,0,31,0,0,0,0,0,0,49
2014-08-17,2,13,38,14,4,24,9,14,14,6,22,32,33,2,22,7,73,0,0,10,19,28,0,0,37,17,21,14,13,18,0,0,0,0,0,0,49,0,0,30,20,0,23,37,17,0,36,16,0,0,0,0,0,33,12,53,16,0,0,0,40,40,0,0,0,0,0,43,0,0,0,0,18,0,0,54,0,22,0,0,40,0,0,0,0,0,15,22,0,26,0,31,0,0,0,40,0,6,0,61,0,0,0,0,37,0,7,12,0,0,7,24,0,25,0,0,56,0,31,0,36,59,0,30,0,0,0,40,0,0,0,76,0
2014-08-24,2,9,61,8,7,18,17,8,7,3,30,28,17,3,29,8,0,27,0,10,21,24,18,0,15,14,22,8,19,52,0,0,0,0,0,0,0,0,0,34,24,0,32,16,0,0,36,0,0,0,0,0,0,41,6,29,15,0,0,0,36,34,0,0,0,0,0,39,0,0,0,0,15,0,0,0,28,0,0,0,0,0,56,39,0,0,10,25,0,25,0,30,0,0,0,0,0,9,35,68,0,31,0,0,0,0,0,12,0,0,0,25,0,0,0,0,27,41,0,0,0,0,55,20,0,0,0,0,0,0,0,0,95
2014-08-31,2,8,53,10,6,30,11,14,18,3,31,26,20,5,38,10,0,0,0,12,19,27,18,0,35,14,43,23,25,17,0,0,0,0,0,0,41,0,0,33,15,62,0,25,16,0,0,21,85,0,0,0,0,52,11,17,26,42,0,0,29,0,0,78,0,0,0,0,0,0,0,0,10,56,0,0,56,32,0,0,0,0,41,0,0,28,24,21,45,49,0,49,0,0,68,38,0,7,0,0,0,30,45,0,0,0,12,12,0,0,3,31,0,41,0,0,27,0,39,0,0,0,54,23,0,0,0,0,0,0,0,0,0
2014-09-07,2,13,60,10,10,30,16,17,14,9,17,38,0,3,35,15,0,26,0,14,22,21,18,32,31,32,20,14,40,37,0,0,0,0,67,0,54,0,0,57,25,0,85,35,39,0,0,0,0,0,33,0,0,55,15,19,28,0,0,0,17,29,0,0,0,0,0,29,0,0,0,0,11,0,26,0,28,32,0,0,0,0,41,100,0,37,17,0,0,24,0,32,0,0,0,50,0,10,0,33,53,30,34,0,0,0,8,0,75,0,4,23,29,24,0,0,0,0,29,0,21,0,54,17,0,0,0,39,0,0,76,0,0
2014-09-14,2,11,26,10,9,52,14,17,25,9,27,30,34,4,34,15,0,0,0,11,20,27,50,24,35,14,36,15,22,51,53,0,0,0,0,0,41,0,0,72,13,0,21,46,54,0,0,23,0,29,0,0,0,47,29,38,32,56,0,60,32,28,0,0,0,0,0,25,0,0,0,0,11,0,23,28,0,36,0,0,38,40,54,0,0,0,9,0,44,36,0,56,0,0,50,0,93,8,0,33,39,0,0,0,36,90,0,15,0,0,4,26,0,35,69,0,27,0,29,0,16,0,0,26,0,0,0,0,0,0,0,0,0
2014-09-21,3,11,46,7,9,36,11,20,10,7,15,16,0,5,35,9,0,0,0,15,23,78,0,32,27,14,19,27,15,25,0,0,0,0,0,0,0,0,85,60,21,0,42,46,72,0,46,18,31,0,100,0,0,35,18,17,21,42,39,45,26,54,0,0,0,0,0,55,52,66,0,0,13,0,23,0,0,42,0,0,0,0,0,38,0,0,25,0,0,36,50,64,0,0,0,0,0,12,34,0,0,0,33,0,0,0,0,15,74,0,4,23,0,27,0,0,0,0,29,0,24,0,0,18,0,0,0,38,0,0,0,72,0
2014-09-28,2,20,26,14,7,55,31,24,19,8,19,30,23,5,39,4,0,0,0,13,17,32,0,42,39,32,45,19,22,31,47,0,0,0,0,0,0,0,0,65,0,0,39,43,66,58,35,21,32,0,0,0,0,44,6,29,19,0,0,0,44,29,0,0,0,0,0,22,0,39,0,0,17,75,23,0,38,21,0,43,0,0,41,0,0,38,21,42,0,0,0,67,0,0,0,0,0,10,0,0,0,41,33,0,0,0,6,0,0,0,0,0,0,0,0,0,0,0,29,0,11,0,53,20,0,0,52,0,0,0,0,0,46
2014-10-05,3,22,53,10,8,43,24,17,8,9,21,44,19,5,49,11,0,26,0,12,24,31,17,0,31,21,34,26,22,31,40,0,0,0,90,0,0,79,86,55,0,0,36,39,33,0,0,0,0,0,0,0,40,39,11,17,25,71,0,0,32,36,0,0,0,0,0,22,0,38,0,0,22,0,0,28,29,42,0,0,37,40,0,75,0,0,11,21,0,25,68,48,0,0,100,0,69,9,46,0,53,34,0,0,35,0,6,0,0,0,0,30,28,46,0,0,26,54,29,0,19,0,0,33,0,0,0,0,0,0,0,0,0
2014-10-12,3,12,65,7,7,28,21,17,12,10,21,30,17,6,35,9,0,0,0,15,24,21,0,0,31,16,19,30,29,19,0,0,0,0,0,0,0,0,0,51,0,0,28,46,41,0,34,0,36,0,0,0,39,54,17,44,10,0,0,0,40,42,0,0,0,0,0,40,0,38,0,0,26,0,0,54,39,36,0,0,0,0,0,37,0,0,19,21,43,0,0,52,0,0,0,37,0,15,0,0,38,59,0,0,35,0,8,0,0,0,6,44,0,23,0,0,0,0,0,0,11,74,0,22,0,28,0,0,34,0,0,0,0
2014-10-19,3,19,39,6,4,28,9,17,14,6,15,15,19,6,29,10,0,44,0,9,15,34,17,24,15,18,29,26,27,25,40,0,0,0,0,0,0,0,0,36,12,0,0,23,45,0,0,15,0,0,0,0,0,35,0,16,17,0,0,0,37,28,0,0,0,42,0,32,0,0,0,0,18,0,30,0,31,21,0,37,0,0,0,0,0,0,14,21,50,0,0,58,0,29,0,49,0,7,38,0,0,0,0,57,0,59,13,15,0,42,3,44,0,69,0,0,0,0,0,0,25,0,0,0,0,0,0,0,0,0,0,0,0
2014-10-26,3,11,71,7,7,31,15,41,18,7,20,22,18,14,19,7,0,29,0,8,18,23,0,24,24,27,33,13,15,16,0,0,0,0,66,0,40,0,0,37,0,49,31,38,64,0,0,0,31,28,0,0,52,27,6,0,13,0,39,0,17,44,0,0,0,0,0,48,52,51,0,28,21,0,22,0,27,0,0,49,0,0,53,0,100,27,21,0,0,26,0,24,88,0,0,0,0,8,45,0,0,34,0,0,35,44,8,15,0,0,5,0,0,35,0,0,0,0,0,28,11,0,57,26,33,0,0,0,0,0,57,0,0
2014-11-02,3,8,50,12,10,43,11,15,22,7,15,43,65,18,37,7,0,33,0,11,34,33,0,23,41,19,22,11,33,32,0,0,0,0,0,0,0,0,0,44,12,0,59,48,74,0,34,15,40,0,0,0,0,23,13,24,36,54,0,0,42,32,0,0,0,0,0,39,0,0,0,0,22,0,0,46,29,20,0,0,96,38,0,37,0,0,18,20,43,24,0,21,43,0,0,0,0,16,0,0,0,0,0,0,0,0,11,15,0,55,4,32,0,30,0,0,26,52,0,0,11,0,0,23,0,0,0,0,0,0,0,0,0
2014-11-09,3,9,44,8,9,25,13,25,14,4,27,16,16,15,32,9,0,0,0,10,24,28,17,39,33,15,19,25,32,37,0,0,0,0,0,0,39,0,82,38,0,0,44,44,29,41,0,0,0,0,32,0,100,31,16,0,19,0,100,0,19,48,0,0,0,41,0,53,0,0,0,0,22,0,44,27,26,36,0,0,47,0,0,47,0,0,10,23,0,23,0,31,43,29,0,0,0,10,32,0,0,0,0,0,34,0,7,0,0,54,6,25,27,51,0,56,0,0,28,22,16,0,0,18,0,0,0,0,0,0,62,0,57
2014-11-16,2,8,30,16,11,43,15,15,22,5,23,16,16,9,30,10,0,100,0,10,24,39,22,0,24,20,19,19,27,19,52,0,0,0,0,0,0,0,0,39,12,0,0,30,40,0,0,0,0,0,0,0,0,42,15,23,18,40,0,0,50,35,0,0,0,0,0,43,0,37,0,28,12,0,0,29,36,27,44,0,0,0,0,0,0,0,18,0,0,0,0,37,0,0,0,0,0,12,0,0,0,0,32,0,0,0,6,0,0,0,3,25,0,0,0,0,0,0,0,0,25,0,51,42,0,32,0,0,34,0,0,0,0
2014-11-23,2,7,57,17,10,29,12,15,12,6,26,29,16,10,26,7,0,0,0,8,22,44,22,0,26,18,19,8,24,24,0,0,0,0,0,0,39,0,0,42,16,44,30,30,45,0,38,0,0,0,0,0,0,26,15,35,21,40,0,0,41,27,0,0,0,0,0,43,50,37,0,0,20,0,0,40,26,22,0,0,0,0,0,0,0,0,10,27,0,23,0,36,0,0,0,41,88,8,32,0,0,76,0,0,0,0,12,0,0,0,4,22,0,0,0,0,29,0,0,21,19,0,100,21,0,47,0,37,34,0,73,0,0
2014-11-30,4,6,87,9,7,34,26,16,19,6,28,25,28,23,19,9,0,0,0,15,29,40,16,41,48,0,20,34,20,16,51,0,0,0,0,0,0,0,0,64,13,0,23,29,41,0,33,17,40,0,0,0,37,37,8,24,21,0,0,0,41,35,0,0,63,0,0,31,0,36,0,27,16,0,0,0,26,20,0,0,0,0,0,48,0,0,16,20,42,25,0,30,0,0,0,36,0,9,0,0,0,28,31,0,0,0,7,16,96,0,6,21,0,30,0,0,0,0,0,0,12,0,0,50,0,31,36,0,0,0,0,0,0
2014-12-07,7,15,89,12,18,41,26,16,14,11,20,29,28,17,38,9,0,0,0,10,21,44,0,0,41,34,22,25,24,16,0,0,0,0,0,0,0,0,0,51,12,50,37,56,55,0,0,22,40,0,0,0,76,42,23,18,25,0,0,0,39,26,0,0,0,0,38,24,0,0,0,0,29,0,0,49,31,52,59,36,0,39,39,37,98,0,31,20,0,23,66,39,0,0,0,36,0,10,0,32,51,57,32,0,0,43,11,0,0,41,3,25,27,39,0,0,0,0,55,0,28,0,69,23,33,40,37,49,0,100,0,0,0
2014-12-14,5,28,53,4,14,46,11,31,10,11,24,71,25,100,30,9,0,0,0,16,34,99,0,27,100,50,22,45,27,28,0,100,0,0,0,0,100,0,0,57,21,45,54,54,61,0,0,23,31,0,0,0,78,47,10,33,25,0,39,0,46,53,91,0,100,43,0,0,0,0,0,0,19,0,23,0,0,53,0,0,0,0,0,0,0,36,0,31,0,44,0,23,0,0,0,37,0,10,0,0,45,43,33,0,0,0,9,11,0,92,3,22,0,50,91,0,35,0,29,0,11,0,70,0,0,29,100,38,0,0,0,0,0
2014-12-21,3,11,20,8,7,22,11,9,14,4,19,89,18,26,22,6,100,0,0,11,24,54,22,0,33,34,21,15,17,20,58,0,0,0,0,0,44,0,0,46,36,0,42,63,21,0,50,33,39,31,36,0,64,51,9,36,14,60,0,0,50,54,0,0,0,0,49,48,0,41,0,0,21,0,33,30,0,39,0,0,0,0,0,0,0,30,10,39,0,53,54,26,0,0,0,0,0,9,0,0,0,0,0,0,39,0,20,12,0,0,5,24,0,51,74,0,0,43,0,0,16,0,0,19,0,31,0,55,0,0,0,0,0
2014-12-28,2,9,38,9,8,30,11,11,7,5,32,64,0,21,35,7,0,0,0,10,24,30,19,43,57,16,28,26,9,18,0,0,0,0,0,0,43,0,0,28,0,0,38,28,28,0,0,0,0,0,0,0,0,54,12,54,23,45,0,0,49,0,0,0,0,0,0,25,0,0,0,0,20,57,0,30,29,25,0,38,0,0,42,0,0,0,18,0,0,39,0,50,0,31,0,39,0,5,36,0,42,0,0,0,0,0,7,0,0,60,3,23,0,25,97,0,0,0,41,0,0,0,0,25,0,0,44,0,37,0,0,77,0
2015-01-04,5,9,50,10,10,37,12,22,14,6,46,67,47,21,61,11,0,41,0,20,29,53,16,0,58,26,31,23,20,46,37,0,0,0,0,0,0,0,0,50,20,0,29,29,50,0,32,38,77,0,31,60,0,44,8,46,20,38,0,41,72,50,0,0,0,0,0,0,48,0,0,0,25,0,24,77,25,50,42,0,38,0,0,0,0,39,30,20,0,45,0,49,61,0,0,35,0,7,0,45,0,28,0,0,0,0,15,0,0,45,7,31,0,58,0,0,0,37,0,0,18,0,50,14,0,71,35,0,37,0,0,0,0
2015-01-11,5,10,60,11,11,42,22,17,14,5,47,76,40,22,70,10,0,24,0,100,38,47,24,22,28,15,36,23,23,16,0,0,0,0,0,0,0,0,0,48,12,0,19,39,44,0,0,16,86,0,0,0,0,90,14,100,20,38,0,55,56,46,0,0,0,0,72,35,65,35,0,0,29,0,21,28,25,33,84,0,0,40,0,0,0,52,17,0,41,66,0,67,0,27,0,35,64,100,62,30,42,100,56,0,33,41,100,100,100,100,100,100,52,54,63,0,44,0,29,20,19,0,0,31,0,26,0,0,0,0,0,0,0
2015-01-18,4,10,72,18,16,41,24,23,26,5,79,100,35,12,91,10,0,23,0,48,62,34,0,29,32,46,24,25,14,45,49,0,0,0,61,0,0,0,0,52,15,71,33,53,30,0,31,28,38,45,0,0,0,54,16,44,11,38,49,40,34,23,0,0,0,0,0,27,0,0,0,26,49,0,28,55,50,62,41,0,0,42,36,34,0,0,34,21,0,22,0,37,41,0,0,58,0,40,53,60,82,78,0,0,48,41,38,30,0,56,76,60,51,85,62,0,35,36,26,0,11,0,0,43,0,26,59,35,0,0,0,0,0
2015-01-25,5,17,53,15,17,58,22,17,9,7,49,65,33,20,72,12,0,0,0,29,57,38,54,22,35,23,45,44,25,17,0,0,0,0,0,0,0,0,0,66,17,41,49,94,55,0,0,21,28,0,0,0,0,32,18,30,25,0,48,0,29,32,0,0,0,0,0,36,0,50,0,35,51,66,21,91,100,48,41,0,34,0,0,34,68,0,21,47,0,44,0,64,0,0,0,49,0,25,0,30,0,46,30,0,43,40,61,15,0,77,43,41,0,54,0,0,24,36,26,0,29,0,0,34,0,30,0,46,42,0,0,0,71
2015-02-01,4,16,36,26,18,44,13,17,9,9,32,79,28,14,53,12,0,0,0,21,66,53,18,37,38,23,0,47,25,40,0,0,0,0,0,0,0,0,0,79,11,41,42,80,48,0,36,31,28,0,0,0,0,74,28,38,22,0,0,0,34,51,0,0,0,0,0,50,0,35,0,34,41,50,0,73,25,34,41,0,0,0,0,0,0,0,15,19,0,25,0,100,41,0,0,34,63,13,31,40,36,36,0,0,0,40,40,11,0,0,23,59,34,24,0,0,0,0,35,22,0,0,0,22,0,30,0,35,42,0,52,0,0
2015-02-08,5,19,30,7,11,31,9,26,10,12,22,80,21,11,44,9,0,23,0,12,33,46,0,22,35,23,47,12,26,0,0,0,0,0,0,0,0,0,0,54,0,41,29,49,45,51,31,16,28,26,0,0,0,46,12,27,23,38,0,0,37,67,0,0,0,0,0,46,0,0,0,0,32,100,0,72,25,22,41,33,39,0,0,0,68,33,15,19,0,33,0,65,0,0,0,0,0,14,41,30,0,40,90,52,43,0,13,15,0,44,13,41,44,21,63,0,36,0,0,0,22,0,0,26,0,26,0,46,0,0,0,0,0
2015-02-15,3,8,36,7,8,15,10,15,8,6,14,46,27,7,34,11,0,0,0,16,39,42,22,22,43,28,0,23,14,23,37,0,0,0,0,0,75,0,0,38,16,0,22,36,53,39,43,21,0,0,0,0,0,29,16,47,9,0,36,0,40,66,0,0,0,40,0,47,0,0,0,0,22,0,29,30,26,26,0,0,0,0,0,0,0,26,26,0,0,0,0,41,0,0,0,40,0,14,32,0,0,37,0,0,0,41,26,16,69,40,12,38,0,24,0,0,25,0,0,20,16,52,49,12,0,0,0,35,0,71,0,68,0
2015-02-22,4,14,41,11,18,41,11,26,7,6,24,78,23,8,39,9,0,0,0,16,38,64,16,58,14,23,26,32,44,17,36,0,0,0,0,0,0,0,0,51,11,0,28,21,34,0,47,0,28,0,0,0,0,35,12,15,34,0,0,0,26,63,0,0,0,0,0,30,0,46,53,0,27,0,21,37,43,28,0,45,0,0,0,39,0,100,25,0,40,22,0,32,0,0,0,38,0,16,61,0,0,72,40,0,32,0,10,10,68,0,13,27,25,42,62,52,24,62,0,19,17,0,0,41,0,0,0,0,31,0,0,0,0
2015-03-01,3,27,47,13,19,45,18,43,14,7,35,74,17,6,46,11,68,35,0,15,31,26,27,64,63,25,19,35,28,30,0,0,0,0,60,0,0,0,0,50,13,55,42,31,42,0,31,24,0,0,0,0,0,24,12,26,23,0,0,0,36,40,0,0,0,0,0,34,0,69,0,0,38,50,31,43,0,22,41,0,34,0,36,34,0,25,12,0,0,22,0,43,0,0,0,0,62,10,70,60,0,36,0,0,0,0,21,0,0,0,13,67,0,41,61,0,32,0,0,19,15,0,0,43,0,0,0,34,0,69,51,0,0
2015-03-08,6,21,47,16,14,63,24,51,23,9,73,54,50,7,95,16,0,0,0,21,41,71,21,21,49,36,19,34,36,23,0,0,77,0,0,0,0,0,0,51,26,82,47,42,79,0,46,24,37,0,30,0,0,46,20,33,23,0,0,0,34,45,0,51,0,39,0,51,0,34,0,0,37,57,21,37,25,22,41,33,0,0,0,34,0,33,19,22,0,50,0,33,40,0,0,34,62,16,0,0,47,0,0,0,0,54,17,10,0,0,4,27,0,32,0,0,36,0,0,0,26,0,94,27,0,0,0,0,42,0,69,0,0
2015-03-15,3,23,83,13,13,69,25,42,16,12,46,64,35,7,81,11,0,46,0,22,47,60,15,21,76,43,40,27,33,27,0,0,0,0,0,0,0,0,0,47,26,0,33,35,41,38,83,0,28,0,0,58,0,74,19,22,20,75,0,0,54,33,0,0,0,0,0,58,0,0,0,26,46,50,30,45,25,38,0,0,0,41,0,0,0,25,13,22,0,22,0,51,0,0,0,34,0,15,0,30,0,26,59,0,32,0,19,10,0,0,12,35,0,21,0,0,0,0,0,0,10,0,0,17,0,0,0,34,36,0,0,0,41
2015-03-22,3,16,32,19,9,57,14,46,12,11,44,59,30,5,58,10,0,25,0,11,30,28,25,0,68,15,22,29,15,42,0,0,0,0,0,0,0,0,0,47,33,44,21,26,25,0,89,20,0,0,0,0,44,49,13,29,34,0,0,0,50,48,0,0,0,0,0,55,0,50,0,28,34,54,0,54,44,67,0,0,0,0,39,0,0,0,20,27,0,27,49,22,0,0,0,36,0,11,0,0,51,50,59,0,0,0,7,15,0,0,12,23,27,0,90,0,0,52,0,0,16,0,52,38,0,37,0,49,51,0,55,0,0
2015-03-29,3,17,59,5,11,37,9,33,19,8,36,57,32,4,47,10,0,24,0,11,26,21,19,0,47,24,37,32,32,17,0,0,0,0,0,0,0,0,0,40,20,0,20,40,32,0,32,16,29,0,31,0,0,37,12,45,35,39,0,0,49,66,0,0,0,0,100,41,0,36,0,0,31,51,0,0,30,49,0,0,0,0,37,35,0,0,15,39,0,23,0,31,0,0,0,70,0,8,43,0,0,0,0,0,100,0,14,0,0,0,7,28,0,38,0,0,0,50,0,0,27,0,49,13,0,36,0,35,0,0,0,0,0
2015-04-05,4,19,38,10,10,70,21,32,9,6,25,41,36,7,33,9,0,35,0,10,31,50,0,0,36,13,18,20,22,23,0,0,0,0,0,0,38,74,0,50,0,0,39,75,31,0,32,21,0,27,31,0,73,76,12,23,12,0,0,41,40,23,0,0,0,0,0,27,65,0,0,0,22,56,0,30,25,19,0,0,0,0,100,0,0,0,13,19,0,22,0,70,42,0,0,0,0,11,0,0,0,37,0,0,0,0,10,16,0,39,7,33,26,29,0,0,0,0,26,0,18,0,0,12,0,0,47,36,0,0,0,0,0
2015-04-12,3,21,41,7,11,62,25,31,25,7,35,50,15,10,52,11,0,31,0,11,49,62,31,22,35,35,35,27,19,23,0,0,0,0,0,0,0,0,0,55,30,0,48,35,48,51,0,0,37,0,0,0,36,60,6,30,31,0,0,0,55,24,0,0,0,0,0,20,0,69,0,0,32,50,0,37,0,28,41,0,0,0,36,0,0,0,17,21,0,44,0,43,0,0,0,0,0,8,35,52,36,27,60,0,0,0,10,11,0,51,14,41,0,0,0,0,0,0,0,0,12,0,0,47,0,0,0,0,42,0,0,87,41
2015-04-19,5,16,36,9,8,44,19,27,16,8,25,14,46,4,34,6,62,31,0,12,40,36,0,0,45,14,26,49,22,15,36,0,0,0,0,0,37,0,0,45,19,0,33,31,22,0,0,14,0,0,30,0,0,46,12,22,13,0,0,0,44,56,0,0,0,0,0,29,0,52,0,0,29,49,21,50,50,22,0,0,34,0,0,0,0,0,19,48,0,29,0,43,0,0,0,0,0,7,0,30,0,41,30,0,0,41,17,36,0,0,7,35,26,24,0,0,0,48,0,0,10,0,0,30,0,0,34,35,0,0,0,0,0
2015-04-26,3,19,42,11,8,73,15,32,19,8,33,35,21,4,46,10,0,24,0,14,28,22,16,59,46,18,24,28,20,28,37,0,0,0,0,0,37,0,0,54,11,0,0,32,56,0,32,19,0,0,0,0,0,54,9,22,37,38,0,0,42,49,0,0,0,39,0,35,0,35,0,0,42,50,21,29,0,35,0,0,0,37,98,0,0,0,17,42,0,22,0,29,0,0,0,0,0,13,0,30,0,36,69,0,0,0,7,11,0,0,7,31,0,31,0,0,24,0,26,26,15,0,48,24,0,27,0,0,0,0,0,0,56
2015-05-03,3,20,24,6,10,52,27,28,9,5,25,45,15,5,30,15,0,27,0,18,29,33,16,0,42,22,20,17,22,44,0,0,0,0,0,0,0,0,0,66,11,0,28,46,52,0,31,0,0,27,61,0,0,43,16,17,17,0,0,0,39,45,0,0,61,0,36,0,0,46,0,0,34,50,21,28,27,44,0,0,0,0,0,35,69,29,28,29,46,32,0,38,0,0,0,34,0,9,0,61,0,0,30,0,32,54,10,21,0,44,10,21,0,49,0,0,0,0,30,0,20,0,0,22,0,26,0,46,0,0,0,0,0
2015-05-10,3,16,0,5,7,50,24,23,14,8,38,55,38,4,34,8,0,23,0,15,34,30,16,22,31,36,35,20,31,44,0,0,0,0,60,0,0,0,0,49,19,41,49,35,52,0,42,14,28,0,0,0,0,46,5,15,23,0,0,0,44,64,0,0,0,39,0,34,0,35,0,0,29,57,21,25,62,21,0,0,0,36,36,39,0,0,22,22,54,33,0,29,0,0,0,0,0,17,31,30,0,40,40,0,32,40,13,14,0,38,6,0,25,48,0,0,24,48,26,0,22,0,0,20,0,26,0,35,0,0,52,0,0
2015-05-17,2,17,28,6,7,40,15,27,9,12,24,64,28,5,43,11,0,23,0,14,31,38,21,21,17,23,38,45,14,35,0,0,0,0,0,0,0,0,0,47,23,0,48,17,52,0,31,0,0,0,0,0,0,25,12,26,20,0,0,0,29,0,0,0,0,0,48,40,0,34,0,0,21,50,0,43,43,22,55,0,34,0,36,0,0,0,8,19,60,22,0,29,0,0,0,34,0,7,0,0,0,0,60,52,32,0,10,0,0,0,8,23,0,0,0,0,0,0,0,0,15,0,64,26,0,26,0,0,0,0,0,0,47
2015-05-24,3,13,16,6,7,53,15,24,21,6,43,68,31,4,37,10,0,47,0,11,40,42,0,0,56,19,18,32,25,26,36,0,0,0,0,0,0,0,0,47,0,41,77,49,76,0,0,14,0,26,0,100,0,42,12,30,17,0,35,0,18,39,0,0,0,0,0,23,0,34,0,0,38,50,20,43,33,38,0,45,0,0,90,45,0,28,25,38,41,44,0,43,0,0,61,34,0,7,30,0,0,36,0,0,32,0,21,10,0,44,6,20,0,21,0,0,24,49,35,26,20,0,0,27,0,26,34,34,31,0,0,0,0
2015-05-31,4,19,56,6,8,35,21,25,16,8,25,16,18,5,62,13,0,31,0,14,36,41,24,0,49,23,36,27,19,38,0,0,0,0,0,0,37,0,0,52,23,0,22,14,35,0,0,0,38,0,0,0,0,54,10,39,29,0,0,0,21,49,0,0,0,0,0,29,0,35,0,30,32,0,0,55,38,35,0,0,0,0,42,34,0,0,16,19,0,22,0,34,0,0,0,34,0,8,93,90,0,0,0,0,0,0,11,31,0,52,8,21,0,21,0,0,0,36,0,0,14,0,48,14,0,26,0,0,0,0,52,0,0
2015-06-07,3,39,24,10,5,41,17,20,19,8,16,75,31,5,32,10,62,31,0,11,32,24,16,0,28,17,35,20,25,52,0,0,79,0,0,0,36,0,0,36,0,0,19,35,42,0,0,28,37,0,30,0,0,32,6,26,20,0,0,0,26,33,0,0,0,0,0,29,48,70,0,34,28,0,0,29,25,32,0,34,0,36,0,0,0,0,21,19,0,30,0,44,0,0,0,39,0,11,53,34,0,27,0,0,0,0,23,14,0,0,6,41,26,21,63,0,0,0,35,0,19,0,0,17,23,0,0,69,0,0,0,0,0
2015-06-14,4,19,47,10,7,40,14,22,17,6,30,40,39,4,48,8,0,27,0,9,30,38,16,22,39,31,35,27,33,15,0,0,0,0,61,0,42,0,0,40,12,41,39,35,47,0,31,14,28,0,0,0,0,39,8,30,23,0,0,0,21,0,0,0,0,45,0,29,0,0,0,0,27,0,0,34,33,33,0,34,0,0,36,0,0,25,12,21,0,38,0,50,41,0,0,34,0,9,53,35,0,0,0,0,32,0,20,14,0,51,6,27,26,42,83,0,24,0,26,0,15,0,0,0,0,0,0,0,0,0,0,0,0
2015-06-21,2,18,59,7,6,35,14,19,23,9,33,55,46,3,37,13,0,24,0,13,29,21,21,25,24,17,30,15,17,17,37,0,0,0,0,0,0,0,0,37,34,0,33,35,59,0,0,18,29,0,0,59,0,43,14,46,20,100,48,0,37,22,0,0,0,52,0,0,0,0,0,0,22,0,28,0,0,19,0,34,0,0,73,34,0,50,19,33,40,40,0,44,0,0,45,0,0,10,0,45,0,36,52,0,0,0,6,28,90,0,7,30,0,28,0,0,24,0,0,0,0,0,0,0,0,0,0,0,0,0,0,0,42
2015-06-28,5,16,42,7,5,57,16,12,16,11,52,40,62,3,82,8,0,41,0,15,41,32,16,25,50,23,41,23,42,31,0,0,0,0,0,0,37,0,0,61,35,42,36,39,56,0,0,14,0,0,0,0,0,65,14,46,35,0,36,0,45,25,0,0,0,0,0,46,0,35,0,0,28,0,28,51,0,44,0,34,0,37,0,0,0,0,30,21,0,30,0,41,0,0,0,39,0,10,31,41,0,28,0,0,33,0,21,14,0,0,10,21,39,43,0,0,24,0,0,0,18,0,48,21,0,0,0,0,0,0,0,0,0
2015-07-05,5,15,54,12,14,41,12,21,12,7,63,55,28,5,85,7,62,27,0,13,45,38,16,22,42,27,19,30,36,33,42,0,0,0,0,0,0,0,0,65,11,41,70,67,62,0,36,14,29,26,0,59,0,39,32,45,17,0,72,0,47,52,0,0,0,0,0,29,0,0,0,0,36,50,0,46,0,83,0,0,0,36,36,35,69,0,19,19,41,24,0,34,0,0,0,0,0,11,0,41,0,40,30,0,43,40,19,12,0,0,12,41,0,23,63,0,0,49,53,33,22,0,48,24,0,0,0,35,0,0,0,0,47
2015-07-12,4,18,49,9,7,41,14,17,9,7,44,51,16,3,49,8,0,48,0,13,64,39,24,0,54,19,45,28,34,31,37,0,0,0,0,0,38,0,0,54,13,42,0,64,32,0,32,0,33,0,30,0,0,40,14,15,26,39,36,0,80,31,0,0,0,0,0,22,0,35,0,35,50,51,21,58,38,78,42,39,0,37,37,35,0,0,22,39,0,22,0,27,0,0,47,35,73,11,0,0,0,0,31,53,65,41,10,14,0,0,8,60,30,43,0,0,24,37,54,0,16,0,0,22,0,26,35,71,0,0,71,0,0
2015-07-19,7,23,57,11,10,47,14,32,26,10,19,61,27,3,28,7,0,48,0,13,44,58,0,0,18,28,18,33,28,34,0,0,0,100,0,0,50,0,0,61,12,84,39,61,49,0,0,14,0,0,0,81,0,33,14,53,15,0,0,0,27,52,0,0,0,0,0,20,0,35,0,53,42,0,21,59,34,78,42,34,35,0,37,35,0,0,13,0,41,51,46,22,0,0,0,35,0,10,0,0,0,0,31,0,0,41,9,0,0,39,9,21,0,22,0,54,0,37,0,19,18,0,49,16,23,0,35,35,0,0,0,0,0
2015-07-26,5,22,47,14,10,44,15,46,16,9,22,35,15,7,34,10,0,0,96,18,50,52,0,0,25,13,0,40,42,33,0,0,0,0,0,0,37,96,0,59,21,0,26,84,38,0,0,0,33,0,0,0,0,50,10,30,20,0,0,0,34,90,0,0,0,0,0,0,0,0,0,0,49,0,0,37,29,22,47,0,0,0,42,0,0,25,9,0,0,33,0,40,0,0,46,35,0,8,45,40,0,36,30,0,37,0,11,14,0,44,8,21,26,0,0,0,0,0,30,0,12,0,0,14,0,0,35,0,0,0,52,0,0
2015-08-02,6,20,60,9,5,40,8,43,19,6,25,81,39,10,32,8,0,23,0,16,50,42,16,0,32,32,24,35,31,39,0,0,0,0,0,0,0,0,0,62,17,41,0,77,52,0,0,0,29,0,0,59,0,50,16,39,32,0,0,0,40,45,0,0,0,39,0,40,0,35,0,79,43,67,21,29,38,0,0,0,0,36,0,0,69,0,17,19,55,40,0,37,41,0,0,0,0,9,35,0,0,37,0,53,0,41,8,0,0,0,6,0,0,0,63,0,0,0,0,26,18,0,0,14,0,26,34,52,0,0,0,0,0
2015-08-09,5,24,57,84,100,89,29,31,23,9,19,75,0,8,37,12,63,23,0,16,51,49,18,25,46,22,32,32,42,45,49,0,0,0,0,0,49,0,0,72,11,55,35,63,59,0,42,19,0,26,0,0,36,64,19,49,34,56,36,40,23,22,0,0,0,52,0,40,0,35,71,0,41,0,41,92,25,48,0,0,45,36,36,46,0,50,12,0,46,44,0,90,40,0,0,68,0,9,53,0,48,40,60,0,43,54,8,10,68,0,8,22,0,21,0,0,24,0,57,21,100,50,96,78,0,26,0,46,31,0,70,0,41
2015-08-16,9,43,53,37,37,72,20,49,25,11,27,41,30,9,50,11,61,0,70,15,51,61,40,21,59,31,17,37,44,33,0,0,0,0,0,0,36,71,0,52,0,55,28,59,47,51,31,14,0,26,0,0,35,39,16,17,20,43,48,40,39,38,0,0,0,0,0,59,47,52,0,0,31,49,0,36,0,41,0,0,0,41,40,34,0,29,15,38,0,50,0,29,0,27,0,0,0,12,30,40,0,46,34,0,32,54,8,0,0,51,9,23,0,21,83,0,24,49,35,0,48,50,47,34,0,44,0,0,0,0,0,64,41
2015-08-23,10,25,58,53,38,90,16,51,34,18,53,73,37,16,62,11,61,31,0,20,46,100,15,21,34,36,35,51,38,81,36,0,0,0,0,0,0,0,0,88,22,0,55,51,30,37,0,15,0,0,29,0,0,63,15,32,31,42,35,0,46,25,0,0,0,0,0,39,46,34,0,0,43,0,20,42,24,61,0,0,44,0,35,56,67,24,19,19,0,40,44,84,0,0,0,0,62,18,0,0,0,38,43,0,31,40,6,0,0,37,6,27,25,30,81,0,27,0,26,19,35,0,47,67,0,0,0,68,31,0,51,0,40
2015-08-30,9,21,29,23,25,52,19,48,29,13,16,84,22,8,37,10,0,0,0,13,47,81,53,24,24,14,37,34,32,52,0,0,76,0,59,0,0,0,0,79,11,45,41,68,30,100,0,15,27,0,39,57,35,76,27,25,50,73,0,0,20,65,0,0,0,0,0,19,52,0,0,0,35,0,0,42,24,54,54,0,0,0,0,0,0,42,21,37,0,49,0,42,0,0,0,0,0,6,40,39,0,26,58,0,31,45,14,0,0,37,7,20,49,0,69,0,31,0,44,37,21,48,63,17,30,25,66,33,0,0,0,0,0
2015-09-06,4,26,40,49,16,55,18,58,22,14,12,38,22,6,31,11,0,0,0,12,36,76,61,0,37,21,59,52,40,42,35,0,0,0,0,0,35,0,0,67,16,39,40,81,50,42,52,15,47,25,0,0,0,41,10,29,25,41,0,0,43,63,0,0,0,37,0,19,0,57,0,0,28,0,27,44,24,55,0,64,44,40,0,0,0,0,38,0,0,49,0,87,0,0,0,33,0,5,30,33,0,26,39,0,31,39,17,11,0,0,11,23,0,0,0,0,0,0,29,20,11,56,46,33,0,25,33,0,61,0,67,0,0
2015-09-13,5,29,28,28,16,61,11,47,20,13,31,47,29,4,37,10,0,0,0,12,33,68,22,20,26,20,48,37,39,42,34,0,0,0,0,0,47,0,0,77,11,39,26,49,52,48,34,13,0,0,28,0,0,40,13,36,24,35,45,0,47,38,0,0,0,0,0,22,44,33,0,24,25,0,0,35,0,18,0,0,32,0,46,43,0,0,21,21,0,21,0,30,0,0,0,35,0,4,29,28,0,0,28,0,55,44,6,10,0,0,9,35,48,40,0,0,0,34,28,26,21,47,0,17,0,25,32,32,0,0,0,0,0
2015-09-20,7,17,34,31,13,47,15,100,20,11,37,71,39,4,33,8,0,22,0,9,37,94,15,21,43,35,25,21,48,53,0,0,0,0,0,0,35,0,0,59,43,39,27,53,39,0,59,0,0,0,29,0,0,51,11,14,27,0,0,0,32,85,0,49,0,0,34,38,0,38,0,0,31,0,19,26,34,81,0,55,32,0,0,0,0,0,18,18,0,0,43,56,38,0,0,37,0,8,39,0,0,0,0,0,51,38,6,10,0,0,5,39,0,20,0,68,0,0,0,21,10,0,46,32,21,0,0,33,0,89,0,0,0
2015-09-27,7,21,44,22,9,56,13,61,21,13,15,37,14,3,34,11,0,0,0,12,33,63,17,0,43,30,25,30,31,33,0,0,74,0,0,0,35,0,0,64,18,51,39,49,29,0,29,13,27,0,0,0,0,53,8,14,26,35,0,50,47,31,0,0,0,0,0,19,0,43,0,0,22,47,0,47,24,54,0,0,0,34,35,32,0,0,20,27,0,31,0,48,0,0,0,36,0,5,33,28,0,25,0,0,46,0,11,10,0,37,4,21,24,23,0,0,22,34,33,18,21,0,0,25,0,0,0,0,0,0,0,0,0
2015-10-04,4,29,44,14,10,63,13,68,17,8,28,28,33,4,31,8,0,0,0,11,43,49,17,40,42,31,24,19,36,57,45,0,0,0,0,0,0,0,0,68,14,38,0,52,32,40,29,17,40,0,28,0,0,53,15,36,24,46,0,0,34,45,0,0,0,0,0,98,87,32,0,0,25,46,0,47,42,51,0,62,36,34,50,32,0,23,12,18,0,31,0,25,0,0,0,31,0,13,38,28,0,25,0,0,85,56,0,0,0,0,6,42,0,45,0,0,22,0,0,20,14,0,0,31,21,49,0,0,0,0,0,0,39
2015-10-11,4,30,35,16,11,90,14,48,34,5,21,42,26,4,35,8,0,29,0,14,38,78,17,20,46,13,33,36,18,31,0,0,0,0,0,0,34,0,0,65,18,38,33,65,51,41,39,13,26,0,0,74,0,56,15,32,18,35,33,0,53,42,0,0,0,0,45,53,0,32,0,0,27,0,0,68,0,35,0,0,0,0,34,0,0,23,8,18,0,20,42,40,51,0,0,0,0,5,0,0,33,34,0,0,40,51,6,13,0,36,7,33,0,53,0,0,0,0,0,18,17,0,45,22,0,24,0,0,0,0,49,0,0
2015-10-18,4,16,27,13,9,67,7,35,9,13,35,21,16,3,34,10,0,0,0,12,46,72,49,40,32,23,57,23,41,24,0,0,0,0,0,0,0,0,0,49,14,0,20,68,38,35,33,0,26,24,28,0,0,55,18,28,18,34,0,0,34,38,0,63,0,0,0,20,43,0,0,24,25,0,57,23,35,19,0,31,0,33,34,0,0,23,13,20,0,20,0,40,0,0,55,32,0,8,0,0,43,50,0,0,34,56,13,25,0,0,11,43,24,0,0,0,22,44,32,0,21,0,0,20,0,0,0,0,29,0,0,0,0
2015-10-25,4,21,39,17,17,57,16,30,15,13,43,41,36,2,28,3,0,25,0,15,37,48,14,27,36,21,30,16,31,28,34,0,0,0,0,0,0,0,0,55,0,0,18,75,32,47,49,26,0,24,0,0,0,63,11,56,21,60,0,37,53,21,0,0,0,0,0,0,0,37,0,24,25,0,26,80,0,38,76,0,0,0,34,0,63,0,18,0,100,27,42,40,37,0,0,36,0,5,41,75,44,25,30,0,45,37,21,13,0,0,5,22,32,26,0,0,0,0,35,18,22,0,0,24,28,32,0,0,0,0,48,0,38
2015-11-01,5,44,60,20,15,49,13,33,22,16,35,69,31,2,32,12,0,29,0,16,31,53,14,57,55,34,65,25,33,56,0,0,0,0,0,0,0,0,0,51,10,51,18,32,22,71,29,13,0,0,0,0,0,43,20,14,24,0,0,37,46,21,0,0,0,0,33,0,0,0,0,24,30,0,26,69,23,51,0,0,0,0,34,32,0,0,9,18,37,21,0,41,0,0,0,31,0,7,28,0,0,67,32,0,0,50,9,10,63,0,13,38,0,22,57,0,0,100,0,18,14,0,44,17,0,0,0,0,0,0,0,0,51
2015-11-08,4,26,26,21,14,49,11,34,12,15,35,60,21,3,33,9,0,22,0,14,32,62,25,57,26,25,0,23,36,41,34,0,72,0,0,0,34,0,0,37,0,38,18,55,32,0,33,0,26,0,0,0,0,46,8,30,34,35,67,0,36,59,58,0,0,41,33,56,100,0,0,0,20,0,25,58,0,26,0,31,0,0,45,0,0,0,8,19,0,20,42,34,0,33,0,34,0,7,0,0,33,33,28,0,30,37,7,13,0,0,3,38,0,0,58,0,0,33,26,0,19,0,0,13,0,24,0,0,0,64,48,0,50
2015-11-15,5,21,60,19,15,45,18,25,6,17,57,41,40,3,27,12,0,21,0,18,33,21,29,20,36,31,35,27,28,31,0,0,0,0,0,0,50,0,0,47,14,38,0,42,45,0,0,0,30,0,0,0,0,52,5,40,39,35,0,0,41,37,0,47,0,48,0,40,0,0,0,24,21,46,0,58,23,20,0,53,0,33,0,0,0,0,12,23,49,20,0,49,100,0,0,31,0,9,28,28,0,25,41,0,30,50,9,0,63,0,8,19,0,22,0,0,22,0,0,20,17,0,44,19,0,24,0,42,33,0,48,0,0
2015-11-22,3,29,33,23,12,47,9,33,19,15,42,25,21,4,31,9,0,0,0,20,32,49,22,20,26,12,16,18,33,57,34,0,73,0,0,0,0,0,0,54,12,0,18,26,19,0,0,0,0,0,37,0,0,16,11,18,23,0,0,49,29,35,0,0,0,0,0,18,0,0,0,0,18,0,19,46,0,26,0,61,0,0,0,31,83,0,16,53,0,31,42,37,0,33,42,0,0,13,0,28,66,43,84,0,59,42,6,16,0,36,3,19,0,0,0,0,0,0,0,0,21,0,0,28,0,24,0,32,0,0,48,0,0
2015-11-29,3,27,59,21,21,38,14,31,15,12,20,68,35,4,50,11,0,24,0,19,43,45,38,20,35,17,48,23,23,30,0,0,0,0,0,0,0,0,0,57,0,50,35,42,17,0,28,13,75,0,0,0,0,45,20,25,16,0,0,0,40,45,0,0,0,0,0,21,44,0,0,0,23,0,22,46,0,26,50,0,31,33,34,0,0,23,31,0,0,27,0,53,0,0,55,31,0,9,28,0,0,0,0,0,44,0,19,11,70,46,8,48,23,33,0,0,22,33,32,18,27,61,0,28,0,24,0,31,0,0,0,59,0
2015-12-06,6,25,26,41,26,33,11,36,17,43,35,41,36,8,44,9,0,0,0,19,61,84,16,40,29,23,24,27,33,26,0,0,0,0,0,0,34,0,0,47,21,38,32,39,22,0,29,0,57,24,37,0,33,26,10,49,26,46,0,0,50,24,0,0,56,36,0,56,44,32,0,0,42,0,19,27,46,79,38,31,0,33,0,0,72,0,26,25,37,52,0,25,37,0,0,31,0,11,49,0,37,25,28,0,30,64,11,10,0,71,9,0,47,22,57,0,44,0,27,40,20,0,44,24,0,0,0,0,29,73,63,0,0
2015-12-13,8,28,45,55,28,53,13,40,31,43,26,80,0,7,42,11,0,22,0,17,77,89,37,89,59,18,36,37,42,68,34,0,74,0,0,0,34,0,0,68,11,0,31,30,42,0,0,0,58,0,0,0,34,43,24,41,59,0,45,0,52,60,0,0,0,0,0,19,45,37,100,83,43,47,20,68,47,52,0,32,32,0,34,0,0,47,23,18,0,45,58,41,0,0,0,37,0,9,33,0,0,25,0,0,0,65,18,10,0,41,7,19,24,60,0,50,0,0,0,31,28,64,0,45,0,0,0,0,0,0,0,0,39
2015-12-20,4,25,43,28,11,28,11,49,17,18,20,43,16,6,24,9,0,24,0,15,58,55,16,58,40,13,27,23,38,24,38,0,0,0,0,0,0,0,0,32,12,0,22,33,22,0,0,15,85,0,0,0,0,52,7,46,39,0,0,0,16,27,0,0,0,0,0,21,85,36,0,27,30,0,22,57,0,23,43,0,48,0,38,82,97,26,18,20,0,46,47,42,0,0,47,35,66,7,0,31,0,0,31,0,34,48,11,0,71,40,8,61,27,0,0,0,25,38,27,20,14,0,0,32,0,0,0,36,0,0,0,0,0
2015-12-27,4,16,68,37,18,24,11,22,13,16,25,31,16,8,25,9,0,0,0,12,44,67,28,26,25,0,37,23,27,27,100,0,0,0,0,0,38,0,0,34,16,0,22,25,13,0,0,0,50,27,31,0,50,55,10,40,26,0,43,0,22,34,0,0,0,0,0,0,0,0,0,0,30,0,25,26,30,36,0,35,0,0,0,0,0,0,22,32,0,52,0,28,0,0,0,35,0,8,0,0,0,28,0,0,33,48,12,14,0,40,7,0,27,0,0,55,0,0,27,40,18,0,0,27,0,0,0,36,33,0,0,0,0
2016-01-03,7,34,65,100,59,51,10,54,37,26,30,54,26,9,34,13,61,31,0,17,65,61,18,32,59,62,40,32,49,44,48,0,0,0,0,0,49,0,0,64,11,40,44,35,27,65,31,0,28,35,0,0,0,53,11,38,37,0,0,0,44,56,0,0,0,0,0,23,0,34,0,26,48,0,24,63,0,65,41,0,33,0,0,0,0,49,34,19,0,25,0,50,0,26,0,58,0,9,35,29,0,0,0,0,0,40,9,0,0,0,6,0,0,38,0,0,32,41,94,55,36,100,48,55,22,28,0,34,31,0,0,0,41
2016-01-10,10,28,34,92,45,42,34,29,42,51,47,33,15,13,34,16,0,0,0,14,88,69,17,52,44,21,25,38,48,37,0,0,0,0,0,0,0,0,0,71,20,0,54,77,56,0,34,18,46,29,29,0,34,31,25,32,19,0,0,0,38,31,60,0,0,0,0,57,0,0,0,25,59,0,30,53,24,66,0,0,0,35,0,0,0,48,19,27,0,35,0,28,52,0,0,32,0,7,0,0,0,44,29,0,46,39,14,0,0,37,7,39,0,30,0,0,0,0,100,27,32,48,46,46,0,0,33,33,0,0,50,63,40
2016-01-17,12,18,29,48,24,31,100,41,28,29,47,30,27,20,30,13,81,0,0,14,100,62,17,23,47,22,26,17,27,30,0,0,75,0,0,0,35,0,0,69,29,0,40,51,50,49,0,27,30,65,0,0,0,34,19,33,25,0,0,39,58,32,0,0,0,0,0,19,46,33,0,0,65,0,0,44,35,84,100,43,0,0,40,33,0,24,8,25,0,35,0,26,0,0,0,75,0,5,34,29,0,0,29,0,31,0,22,0,0,37,4,21,25,41,0,0,31,35,34,18,25,0,47,29,0,25,0,0,0,0,0,0,0
2016-01-24,7,26,52,36,20,35,43,34,16,26,34,43,0,12,31,11,0,30,0,13,72,51,17,63,44,24,39,29,24,59,0,0,0,0,0,0,0,0,0,59,0,39,54,51,18,0,30,13,68,76,29,0,0,41,18,26,14,0,46,0,25,39,0,0,0,38,35,28,0,0,0,43,53,0,0,44,36,53,0,32,0,35,0,0,0,69,21,18,0,51,0,36,0,0,0,88,60,9,40,0,0,26,39,0,31,39,10,40,0,0,10,39,28,35,0,0,31,35,0,21,17,0,0,21,0,0,33,0,0,0,100,0,40
2016-01-31,5,25,40,45,26,49,38,25,21,30,29,40,17,6,36,14,0,0,0,15,69,25,23,42,54,30,51,36,59,29,35,0,100,0,0,0,0,0,0,70,0,0,64,34,45,49,0,20,30,50,0,0,0,55,15,44,36,36,0,0,18,65,0,67,0,0,0,19,0,0,51,0,40,0,0,35,65,100,40,0,33,40,0,0,0,24,24,21,39,38,0,41,0,0,0,33,0,12,30,0,0,26,50,0,0,57,22,13,65,37,9,20,49,20,0,0,0,0,25,37,59,0,0,37,22,0,33,0,30,0,57,0,40
2016-02-07,8,26,23,20,16,50,25,28,7,32,37,53,22,8,27,7,0,0,0,17,53,59,26,31,47,22,20,24,40,51,40,0,76,0,78,0,48,0,0,60,11,40,19,64,46,0,0,15,31,37,0,0,46,48,12,27,28,0,35,0,18,44,0,0,0,38,0,26,0,0,0,0,30,0,23,44,36,37,40,0,44,0,0,0,89,28,29,0,0,34,0,39,39,0,0,66,0,14,30,0,0,26,0,0,0,0,10,0,0,0,8,40,25,23,0,0,23,35,25,27,25,49,0,23,0,25,33,0,0,68,0,0,0
2016-02-14,10,27,31,31,25,38,21,19,7,26,36,52,21,6,30,12,0,0,0,15,49,59,43,47,27,36,19,42,82,32,35,0,99,0,0,0,0,0,0,56,0,0,20,40,31,37,40,14,78,28,0,0,34,47,6,21,30,0,0,0,35,54,0,0,0,0,0,38,44,33,0,24,32,0,20,24,32,20,57,32,0,35,0,0,0,0,40,20,0,36,0,58,38,0,65,0,59,5,0,0,0,34,0,100,0,39,13,0,0,0,6,34,0,0,0,0,23,0,25,31,29,0,69,25,0,25,32,0,0,0,0,0,39
2016-02-21,8,20,45,25,14,32,18,18,18,30,23,19,0,5,27,19,0,25,0,14,59,64,25,22,33,34,38,23,47,26,0,0,0,0,0,0,92,0,0,57,14,0,20,36,36,0,30,22,46,57,0,0,0,44,17,41,42,0,34,0,22,21,0,0,0,0,0,75,0,0,0,0,28,47,0,52,0,33,39,42,0,0,0,0,0,0,16,30,0,24,43,35,0,0,0,32,0,6,0,0,0,51,0,0,0,76,6,0,0,0,6,48,24,20,0,0,23,0,66,18,24,0,45,22,0,49,0,33,34,0,49,0,39
2016-02-28,7,28,61,16,19,43,12,45,11,29,28,28,14,4,24,11,0,63,91,12,53,54,51,23,33,43,33,22,24,21,34,0,0,0,0,61,34,0,0,62,0,0,24,26,32,36,0,19,30,100,28,0,0,60,10,24,43,0,0,0,34,31,0,0,0,36,0,19,0,0,0,0,45,47,39,41,23,46,53,31,0,34,46,32,0,23,15,18,38,59,0,60,42,0,0,43,0,11,58,28,34,34,0,0,30,0,14,10,0,0,7,29,0,20,0,0,0,0,25,36,19,0,0,17,0,24,0,32,30,0,49,0,0
2016-03-06,6,26,45,17,14,51,25,45,18,19,41,33,27,4,31,10,0,38,0,12,59,65,43,53,37,20,0,26,29,32,46,0,0,0,57,0,35,0,0,76,11,39,33,30,49,0,39,20,69,29,0,0,34,54,21,42,27,0,91,0,74,54,0,0,0,0,34,19,0,33,0,24,34,47,0,79,0,79,39,55,0,0,0,0,0,32,9,27,0,23,0,58,0,0,43,43,0,8,0,0,34,0,29,50,40,0,5,0,0,0,3,43,24,0,0,0,0,0,0,18,17,0,0,29,0,0,0,33,0,0,0,63,0
2016-03-13,6,32,57,12,16,45,11,59,21,30,31,38,29,6,30,7,0,44,0,12,54,41,43,31,16,17,38,35,40,37,0,0,0,0,0,0,35,0,0,81,12,0,63,23,63,37,34,29,27,0,38,56,0,51,23,31,35,0,0,0,35,73,0,0,0,0,0,21,0,33,0,0,54,95,26,70,26,46,59,0,37,35,0,0,0,36,15,27,0,31,43,31,44,0,0,32,0,5,0,0,0,0,28,0,33,38,8,0,0,53,5,28,42,20,0,0,0,34,0,18,25,0,45,39,0,0,0,0,30,0,0,0,0
2016-03-20,5,31,18,9,15,43,14,31,18,23,33,49,27,6,31,6,0,0,0,9,50,63,39,43,28,22,26,17,47,26,36,0,0,0,0,0,48,0,0,58,22,40,28,31,41,0,0,27,70,0,0,0,0,28,14,26,25,0,0,53,26,51,0,51,0,0,0,20,0,0,52,0,43,0,22,25,25,48,70,0,0,0,36,34,0,49,25,19,0,43,0,47,0,0,0,33,0,8,30,0,0,36,79,0,36,0,6,0,0,51,6,40,25,21,0,0,0,0,29,22,20,0,47,17,0,0,0,34,0,0,0,0,0
2016-03-27,6,25,75,21,14,41,14,44,13,26,37,38,30,3,21,10,61,0,0,13,51,29,33,28,34,84,25,34,51,51,35,0,0,0,58,0,0,0,0,58,15,53,53,47,33,0,0,13,55,0,0,0,35,45,8,25,19,42,60,0,28,58,0,0,0,0,34,33,0,33,0,0,40,48,27,44,0,73,0,0,33,0,0,33,0,0,8,19,0,36,0,70,0,0,59,0,0,14,40,0,0,26,29,0,35,52,11,10,0,0,6,32,100,28,0,0,26,0,44,27,26,0,62,25,0,25,33,33,0,0,0,0,0
2016-04-03,6,26,40,10,9,50,14,37,9,26,39,82,22,4,28,12,0,0,0,14,45,36,45,31,47,44,17,31,27,25,0,0,0,0,77,0,0,0,0,65,12,39,54,30,40,0,0,13,31,37,0,0,0,27,11,41,26,0,46,0,18,47,0,0,0,0,0,29,0,100,0,33,27,0,0,0,24,27,0,32,0,0,0,0,0,44,8,0,0,28,44,41,39,0,0,0,0,9,39,0,0,34,0,0,0,66,6,10,0,37,7,59,0,20,0,0,0,35,0,0,11,0,0,21,22,33,0,0,0,89,0,0,0
2016-04-10,7,20,63,12,9,56,27,45,29,29,31,53,44,3,35,7,0,0,0,18,59,51,33,21,47,31,31,26,51,25,0,0,75,0,0,0,71,0,0,64,0,0,34,37,50,37,30,0,27,0,0,0,35,58,10,22,36,0,40,0,48,31,60,0,0,0,0,39,0,33,0,0,47,0,20,53,24,63,53,0,0,40,0,33,0,24,12,24,0,21,0,56,0,0,44,33,61,5,0,0,46,26,0,0,31,39,8,0,0,0,3,22,0,0,0,0,0,69,0,37,19,0,45,26,0,67,0,0,0,0,0,0,0
2016-04-17,5,18,57,9,11,58,27,45,18,24,39,62,0,6,30,8,0,0,0,13,60,40,15,0,34,39,17,17,38,30,0,0,0,0,59,0,35,0,0,77,11,53,21,44,43,0,0,13,31,0,29,0,0,41,6,44,27,0,34,52,38,43,0,66,0,0,0,25,0,0,0,25,47,48,0,48,24,80,40,0,0,35,35,0,0,26,19,37,52,45,59,68,78,0,58,0,0,7,0,0,0,0,0,50,41,0,6,10,0,0,7,20,25,0,0,0,40,0,0,0,21,0,0,46,0,0,0,0,0,0,0,0,0
2016-04-24,5,20,51,10,13,43,7,28,9,14,52,38,50,4,18,9,0,0,0,10,46,47,40,41,37,39,37,32,45,32,0,0,0,0,0,0,35,0,0,65,0,0,21,47,40,0,0,27,54,0,0,0,0,30,16,31,38,72,0,0,35,0,0,84,0,0,0,0,0,44,0,0,46,0,0,61,24,59,40,32,0,52,35,0,0,24,18,24,0,42,0,42,0,0,0,55,0,7,0,0,0,26,29,0,0,0,12,0,0,48,4,26,0,0,0,0,30,0,25,0,18,0,0,29,22,0,0,0,30,0,0,0,39
2016-05-01,4,31,52,16,12,50,12,31,9,20,21,67,17,4,24,12,0,0,0,14,62,55,28,36,43,12,17,36,35,30,0,0,0,0,0,0,36,0,76,97,11,0,54,89,61,38,0,31,40,34,29,0,0,35,14,29,30,0,35,0,58,38,0,100,0,38,0,22,46,39,0,0,41,49,20,45,73,74,46,33,33,0,0,0,0,28,17,20,52,37,44,52,0,35,44,33,0,10,0,0,34,45,0,51,31,39,6,0,0,43,5,23,0,41,0,51,0,0,25,50,11,0,46,20,0,26,0,0,0,0,0,0,40
2016-05-08,6,23,69,13,11,43,13,52,25,25,32,48,15,2,21,5,0,0,0,13,46,30,44,21,13,31,34,29,46,25,0,0,0,0,0,0,35,0,0,82,11,39,74,61,60,0,90,13,47,25,0,0,0,41,8,42,33,36,35,0,53,47,0,57,0,0,0,44,0,50,0,0,27,64,23,48,24,18,80,0,33,0,0,0,66,0,18,28,0,31,88,31,39,35,0,48,0,12,34,29,0,52,29,0,35,0,8,0,0,37,3,0,24,0,60,0,31,0,34,37,11,0,46,26,0,25,0,0,0,0,0,0,0
2016-05-15,7,23,45,15,13,42,27,19,20,33,55,26,29,3,29,7,0,0,0,12,43,25,55,21,27,57,34,26,40,16,0,0,0,0,0,0,0,0,0,73,0,39,37,57,26,37,51,13,49,0,0,0,0,51,11,53,24,72,0,39,50,43,0,0,0,100,0,33,46,0,0,0,35,48,0,61,0,60,39,43,33,35,0,0,0,0,8,27,0,60,0,42,52,0,0,43,0,8,29,0,0,0,58,0,82,56,9,0,0,42,4,20,24,0,0,0,23,35,25,31,19,0,0,29,0,0,37,33,0,0,49,0,40
2016-05-22,7,26,37,21,13,51,10,18,11,24,34,53,15,3,29,10,0,0,0,15,41,40,31,21,34,27,30,23,44,34,47,0,0,0,0,0,0,0,0,60,0,0,19,41,74,37,30,27,61,26,0,0,0,59,12,32,47,37,0,40,48,55,0,0,0,0,0,36,0,0,53,0,24,0,20,27,24,41,54,33,0,35,0,0,0,24,8,27,0,29,51,20,0,0,0,44,0,7,0,29,0,0,39,0,0,79,10,21,0,37,4,20,0,21,0,0,24,0,34,19,20,0,48,12,0,38,34,0,0,0,51,0,0
2016-05-29,7,23,18,17,24,58,13,29,21,31,43,34,15,3,28,8,0,0,0,16,41,34,31,37,27,40,25,27,63,20,0,0,0,0,0,0,36,0,0,76,11,41,43,35,65,38,0,36,92,34,0,0,36,74,12,51,31,0,47,0,39,38,0,0,0,0,0,20,0,68,0,25,24,0,20,74,49,21,41,33,0,0,0,34,0,25,15,28,0,22,0,26,40,27,0,34,0,7,0,30,36,61,30,0,0,45,8,0,0,38,4,41,0,0,0,0,24,0,0,38,12,0,48,13,22,26,0,0,0,0,0,0,0
2016-06-05,9,22,35,15,10,34,17,38,16,32,27,63,17,2,29,9,0,33,0,19,42,37,53,0,24,30,38,17,46,22,0,0,0,0,0,0,35,0,0,76,22,40,19,37,20,56,35,0,71,0,39,0,0,52,19,21,39,0,0,0,66,50,0,0,0,0,0,0,0,45,0,0,36,49,20,24,49,21,40,44,0,36,35,33,0,33,34,37,0,65,60,36,0,0,0,0,0,6,0,0,0,26,50,0,31,40,11,10,66,0,6,30,0,20,0,0,23,0,37,37,20,0,63,13,0,0,0,34,0,0,51,0,0
2016-06-12,6,22,48,14,19,30,9,26,23,20,25,48,15,2,29,18,0,23,0,14,51,55,23,31,12,44,50,31,59,34,0,0,0,0,0,0,0,0,0,53,13,40,64,34,57,37,0,13,40,0,29,0,0,42,19,44,39,0,35,39,48,55,0,0,0,50,0,51,0,34,0,0,18,48,27,0,24,46,0,0,0,0,0,0,0,24,15,0,0,28,0,33,0,0,0,66,0,5,0,29,0,39,0,0,0,0,10,12,0,0,11,26,0,0,61,0,0,0,0,28,25,0,46,38,0,25,33,45,0,0,0,0,40
2016-06-19,14,27,59,16,25,68,9,36,16,40,65,69,20,5,76,100,0,23,0,17,59,64,39,31,52,18,30,34,68,27,36,0,0,0,0,0,0,0,0,79,12,0,43,52,72,0,31,15,96,0,30,0,0,95,100,26,31,49,36,0,57,56,0,0,0,39,0,23,47,69,0,26,37,0,0,25,25,66,41,100,0,72,0,34,0,25,34,100,0,23,60,53,60,0,0,33,0,17,30,45,0,30,0,0,34,0,41,12,0,43,17,32,0,23,0,0,0,36,34,34,15,0,96,30,0,25,0,0,34,0,0,0,54
2016-06-26,11,25,53,40,33,46,22,35,23,31,51,40,45,4,58,58,0,40,0,17,56,60,51,31,63,32,38,39,61,38,73,0,0,0,0,0,0,0,0,56,17,0,19,52,55,38,31,24,41,26,0,78,0,82,63,30,20,0,41,0,55,49,0,68,0,0,0,20,0,69,0,34,22,100,0,34,25,56,41,34,45,0,0,0,0,29,28,50,0,50,0,43,0,0,0,34,0,21,30,0,0,40,34,0,0,40,14,10,0,66,12,65,0,42,0,0,24,48,0,0,18,0,54,29,0,26,0,34,0,0,0,0,42
2016-07-03,8,14,56,27,22,53,25,25,10,25,26,36,22,2,43,36,0,33,0,12,41,27,36,0,37,13,53,18,47,35,51,0,82,0,0,0,57,0,0,69,12,58,37,51,29,0,0,29,0,27,36,61,0,60,27,21,30,0,38,0,60,24,0,0,0,82,0,24,0,0,0,0,30,0,0,78,0,57,0,40,35,0,38,0,71,45,15,53,0,66,0,73,0,0,48,0,0,7,37,0,0,49,42,0,0,42,9,11,71,46,8,51,27,25,0,0,25,0,0,0,16,0,0,23,0,47,0,53,33,0,0,0,0
2016-07-10,4,48,36,13,17,36,21,22,14,30,31,40,36,3,32,19,0,24,0,11,38,73,41,25,32,29,18,30,54,34,0,0,0,0,0,0,56,0,0,62,12,0,36,36,21,0,0,14,83,0,0,61,0,80,39,35,47,51,63,0,32,23,0,0,0,0,0,20,0,41,0,27,30,51,0,26,44,35,0,68,35,0,0,0,0,0,25,35,0,22,0,44,56,0,0,0,64,8,31,0,0,0,0,0,33,0,6,11,0,52,8,39,35,0,64,0,0,37,0,39,12,0,0,44,0,0,0,40,43,0,0,0,42
2016-07-17,5,96,56,16,14,29,19,25,15,26,34,52,0,1,28,16,0,24,0,10,50,43,33,26,33,30,37,21,43,35,0,0,0,0,0,0,51,0,0,48,32,86,70,44,34,0,0,14,44,0,0,0,0,45,23,16,36,40,0,0,49,34,0,0,0,0,38,21,0,0,0,27,23,0,0,26,26,23,43,35,0,51,0,0,71,28,12,20,42,57,0,50,0,28,0,35,0,9,48,0,0,75,0,0,33,42,11,0,0,0,5,32,0,22,0,0,0,38,31,100,18,0,67,50,32,0,0,0,0,0,0,0,0
2016-07-24,7,26,49,10,11,35,25,27,7,31,31,26,21,2,17,11,0,32,0,10,49,58,35,67,45,19,18,15,57,27,37,0,0,0,0,0,0,0,0,50,13,42,29,43,39,0,0,0,50,0,0,0,0,58,24,46,26,0,0,0,19,0,0,0,0,0,37,23,0,0,0,0,24,52,0,0,0,39,0,34,0,37,37,0,0,26,18,43,55,67,46,33,0,0,0,35,0,11,32,41,37,0,31,0,33,0,0,0,70,0,4,60,0,43,0,0,25,0,0,22,21,0,0,49,0,0,0,0,0,0,0,0,0
2016-07-31,5,27,43,8,14,47,15,32,24,41,17,36,35,2,29,13,0,24,0,12,44,39,17,30,18,48,42,23,38,16,0,0,0,0,83,0,51,76,0,71,0,0,20,40,29,0,0,0,44,0,0,0,0,56,21,51,39,0,0,42,60,42,0,0,0,0,0,0,0,0,0,0,25,69,0,45,26,20,47,0,0,100,0,0,0,26,9,23,0,50,63,21,0,0,0,47,0,4,32,0,0,28,36,55,33,42,11,0,0,40,3,36,0,0,0,55,25,0,31,26,21,0,0,16,24,0,0,0,33,0,0,0,0
2016-08-07,6,25,35,8,11,30,11,23,22,39,29,37,18,2,19,6,0,0,0,10,40,44,48,23,38,39,19,32,33,0,39,0,0,0,0,0,39,0,0,69,21,44,30,53,30,55,34,0,61,28,32,0,38,27,13,47,55,41,0,0,67,0,0,0,0,0,39,0,0,37,0,32,11,0,25,62,0,37,67,72,0,0,39,0,0,0,18,20,0,32,0,62,44,0,0,0,68,10,33,0,51,39,43,0,34,0,7,0,0,0,10,44,0,0,89,0,26,0,28,21,11,0,0,36,32,28,0,49,34,0,0,0,44
2016-08-14,7,21,20,19,8,25,15,22,23,26,36,23,17,3,20,13,69,0,0,13,37,46,31,0,35,20,19,14,52,17,0,0,0,0,0,0,40,0,98,55,12,0,28,42,38,0,34,0,31,29,33,0,53,55,15,54,37,41,0,0,32,33,0,76,0,43,0,0,0,0,0,0,20,55,0,63,27,31,45,0,37,0,0,0,0,28,11,21,0,52,100,74,0,0,0,100,79,5,0,0,39,0,33,0,0,0,18,0,0,48,7,45,28,23,69,0,0,0,57,21,11,0,0,13,0,57,0,38,0,0,77,0,0
2016-08-21,6,17,25,15,10,31,9,30,29,44,23,42,22,2,29,8,0,0,0,15,45,48,84,39,22,27,46,21,50,27,0,0,0,0,64,0,38,0,0,51,12,0,27,11,51,54,44,25,51,0,0,0,0,41,6,52,33,0,0,42,50,24,0,0,0,41,0,42,0,0,0,0,33,60,0,26,26,40,50,0,0,0,0,0,0,0,9,27,0,25,0,34,0,0,0,48,0,9,0,32,0,29,31,0,34,64,15,0,0,0,7,25,0,0,66,0,0,51,0,0,12,52,50,36,24,0,36,0,0,0,0,0,44
2016-08-28,7,19,66,11,17,46,20,31,28,42,41,30,15,3,21,9,0,63,0,12,46,61,40,65,25,22,41,12,45,28,0,91,0,0,0,0,0,0,0,51,11,0,0,35,28,0,0,19,57,0,0,79,0,50,18,43,26,0,48,0,66,45,0,52,0,53,0,27,0,0,0,26,23,50,0,55,25,35,0,34,45,36,0,0,0,0,9,38,40,44,46,30,55,0,0,34,0,7,0,0,0,27,0,0,0,41,6,10,0,0,5,21,0,0,0,0,0,36,0,0,29,68,0,24,0,0,35,35,0,0,0,0,0
2016-09-04,6,18,67,12,13,35,12,16,26,36,25,40,15,3,22,6,0,48,0,12,43,61,35,59,18,13,0,18,48,15,0,0,0,0,0,0,0,0,0,65,23,0,26,53,35,0,0,14,62,36,0,59,0,25,8,0,40,38,0,0,100,26,0,0,0,0,0,29,47,0,0,45,17,0,21,29,25,26,84,34,0,0,0,0,0,0,22,29,41,22,0,43,0,0,45,39,0,6,42,0,0,31,0,0,0,0,6,0,0,38,4,24,0,0,63,0,32,36,0,19,20,0,0,14,0,30,35,0,32,0,0,0,0
2016-09-11,13,13,48,7,12,36,15,23,16,27,38,35,15,2,18,10,0,0,0,9,51,76,80,29,29,12,19,37,31,22,49,0,0,0,0,0,0,0,0,51,0,0,33,43,31,0,0,0,57,0,0,0,0,28,16,38,34,0,0,0,81,25,0,0,0,39,0,0,0,35,0,26,21,50,0,63,0,19,41,33,0,0,0,0,0,0,16,19,0,32,0,32,0,27,0,46,0,5,0,0,0,27,0,0,43,40,7,0,0,38,8,20,0,0,0,0,27,0,35,0,0,0,48,17,23,0,39,47,0,0,0,0,41
2016-09-18,13,17,71,10,11,41,19,9,25,29,27,54,15,1,23,7,0,23,0,9,51,64,23,21,10,14,0,20,44,22,0,0,0,0,0,0,0,0,0,48,11,40,48,52,28,38,31,0,28,0,30,0,0,35,20,33,35,0,0,0,67,24,0,51,0,0,0,0,47,34,0,28,15,49,0,36,49,55,0,44,0,0,0,34,0,0,10,38,0,36,45,63,0,0,45,34,0,8,0,0,0,0,0,0,0,0,20,0,0,0,6,0,0,28,0,0,24,0,26,32,17,0,0,27,0,0,34,34,0,0,69,0,0
2016-09-25,19,25,35,11,7,36,13,13,14,23,40,29,15,2,23,8,0,23,0,12,52,67,79,31,28,12,26,12,55,34,36,0,0,0,0,0,0,71,0,53,11,0,19,24,34,0,0,0,30,28,30,0,0,35,18,59,59,0,35,53,77,24,0,0,0,0,0,59,0,39,0,51,26,66,0,43,0,37,41,33,0,0,36,0,0,0,14,19,0,37,77,45,46,27,45,67,62,4,41,0,35,27,0,0,0,40,8,14,0,0,4,22,0,21,0,0,24,41,26,19,11,0,0,20,0,26,0,0,0,0,0,0,0
2016-10-02,8,21,52,16,10,41,21,22,0,20,37,44,17,2,31,34,0,23,0,11,37,88,28,24,42,12,17,17,32,25,35,0,0,0,0,0,36,0,0,49,22,40,37,20,27,37,0,14,41,26,59,0,0,41,23,43,44,36,35,0,28,25,0,0,0,51,0,28,0,34,0,0,18,98,27,0,0,42,40,0,44,0,0,0,0,0,22,25,0,34,44,39,0,30,0,95,0,9,0,0,0,26,29,0,0,53,11,0,0,50,2,42,0,21,0,0,24,0,0,21,10,0,0,23,0,0,33,67,0,0,0,0,0
2016-10-09,17,26,27,28,20,53,17,20,21,33,40,59,28,2,20,20,62,0,0,13,44,30,39,22,42,37,20,22,52,15,72,0,0,0,0,0,73,0,0,48,11,41,42,38,37,38,31,0,32,0,30,0,0,33,20,22,25,0,41,0,47,44,0,0,0,39,0,45,0,39,0,38,17,0,0,36,25,19,0,0,34,0,36,0,0,0,19,19,0,37,0,32,40,0,0,33,0,7,0,30,0,0,30,0,36,40,10,0,0,38,4,37,0,21,0,0,32,0,30,0,11,0,0,17,0,34,0,0,0,0,69,0,0
2016-10-16,14,23,23,29,22,44,12,35,27,27,42,30,15,2,30,16,0,23,0,13,46,33,17,32,24,18,26,19,27,43,0,0,0,0,59,0,36,0,0,58,11,0,54,31,25,43,0,20,55,25,0,0,0,52,21,33,44,49,35,0,38,29,0,0,0,0,35,39,0,34,0,25,24,48,0,53,0,87,0,65,0,0,0,33,0,0,0,34,0,21,51,35,39,0,59,33,0,3,0,0,0,29,0,0,31,0,7,0,0,37,5,23,0,0,0,0,31,0,34,56,29,49,46,21,0,33,38,0,0,0,0,0,40
2016-10-23,11,18,32,38,22,31,15,30,11,23,29,19,26,2,28,13,0,0,0,19,54,37,50,21,21,24,17,19,43,49,0,0,0,0,59,0,0,0,0,47,11,0,21,44,18,75,41,14,41,0,29,0,0,21,19,17,55,42,35,0,31,22,0,0,0,0,0,20,0,39,0,34,24,49,20,73,48,75,81,33,0,0,0,0,0,33,8,21,0,31,44,42,0,0,0,0,0,9,0,0,47,30,0,0,0,39,0,0,0,0,4,40,0,0,81,69,62,47,0,20,18,0,0,17,0,0,0,34,0,0,0,0,0
2016-10-30,22,27,48,22,22,24,9,34,11,36,34,31,17,2,24,16,0,0,0,18,43,48,45,24,22,12,17,15,41,34,36,0,0,0,0,0,36,0,0,48,0,40,48,34,42,0,0,18,37,0,0,0,0,35,37,27,50,37,0,0,49,48,0,0,0,0,0,22,0,34,0,51,26,74,0,25,28,32,41,0,0,0,41,0,0,0,17,0,53,24,0,36,40,26,0,33,0,12,30,0,0,0,59,0,31,53,11,0,67,0,6,34,0,0,61,0,0,0,34,0,10,0,47,38,0,0,0,45,0,0,51,0,0
2016-11-06,100,47,45,38,33,100,16,65,20,46,59,71,29,4,87,32,68,22,0,20,89,86,81,45,20,26,0,56,79,100,0,0,0,0,0,62,0,91,0,92,100,39,46,50,36,54,29,26,31,0,38,56,0,57,28,26,30,41,0,0,40,53,0,0,0,0,34,19,0,49,0,45,54,71,0,24,0,66,90,0,0,35,0,33,0,0,18,24,38,24,43,56,39,0,0,43,89,24,59,29,0,26,33,0,0,84,18,0,0,0,12,47,42,20,60,0,23,0,33,31,25,47,0,37,29,56,0,37,0,0,0,0,77
2016-11-13,26,51,46,47,43,44,18,37,29,26,100,63,25,5,49,13,81,0,0,20,51,55,61,38,27,35,39,31,67,38,47,0,0,0,0,0,0,0,0,67,11,0,21,40,53,63,0,0,0,0,0,0,0,45,21,22,47,0,35,0,46,43,0,0,0,38,0,33,0,0,0,50,32,48,20,42,0,47,40,32,0,0,35,0,0,0,19,18,39,21,0,26,53,35,0,44,0,16,34,0,0,26,0,0,41,39,20,10,0,74,10,30,0,23,60,68,0,47,51,25,39,0,0,23,0,25,0,0,31,0,57,0,0
2016-11-20,12,43,51,29,38,50,18,19,13,33,65,52,33,2,43,9,80,0,0,16,43,40,49,21,37,22,24,28,58,19,0,0,0,0,0,0,35,0,0,58,11,39,52,37,45,37,30,26,27,0,0,0,0,30,13,42,38,0,34,0,35,22,0,0,0,0,0,33,0,33,0,27,30,51,0,82,0,46,0,43,0,0,35,0,0,0,12,26,0,53,0,42,39,0,0,0,80,6,0,0,0,26,29,0,30,38,16,0,0,0,5,29,0,0,0,0,23,0,33,27,14,0,52,37,22,25,0,0,0,0,0,0,45
2016-11-27,12,56,39,12,28,44,15,28,24,33,60,74,38,3,35,10,58,25,0,16,50,92,53,0,33,17,19,16,28,38,0,0,0,0,0,0,34,0,72,48,16,0,27,26,45,36,0,17,30,0,0,0,45,33,19,25,34,0,45,0,36,76,0,0,0,0,0,0,0,32,0,32,24,47,19,0,0,88,0,34,0,0,0,0,0,23,16,24,0,33,0,41,0,0,0,0,0,10,28,0,0,0,28,0,0,37,16,0,0,35,7,26,0,26,58,0,22,0,0,54,13,0,0,22,0,0,0,0,0,0,0,0,0
2016-12-04,11,74,76,43,94,36,10,32,8,33,49,54,38,3,49,13,0,39,0,15,44,52,68,43,19,37,28,32,38,20,0,0,0,0,0,0,0,0,0,49,0,0,38,16,22,0,0,25,69,0,27,0,0,52,18,45,26,0,0,0,38,22,0,0,0,0,0,20,0,64,0,0,27,0,0,100,23,44,0,31,0,57,33,83,0,0,23,19,0,30,0,27,37,0,0,42,0,12,28,0,0,0,0,0,0,36,10,25,0,0,8,37,23,26,0,0,0,0,36,23,51,0,0,20,0,32,0,42,0,63,0,0,51
2016-12-11,11,59,44,19,41,53,26,28,30,25,78,46,22,3,56,9,0,22,0,18,56,46,70,40,18,42,17,26,52,57,0,0,0,0,0,0,0,0,0,57,10,77,41,62,23,0,0,13,45,0,0,0,0,36,22,26,29,0,58,0,19,42,0,0,0,0,33,21,0,37,0,24,35,46,19,94,23,44,58,31,0,0,33,0,0,0,23,24,0,38,48,45,37,0,43,47,0,6,43,0,0,34,28,49,0,38,12,10,0,0,10,22,0,26,0,0,23,34,37,48,24,0,44,33,0,24,0,0,0,0,0,0,0
2016-12-18,9,36,41,27,30,44,22,22,18,17,54,34,15,4,46,7,0,23,0,13,39,28,80,22,24,18,45,30,58,39,36,0,0,0,61,0,0,0,0,60,11,0,86,42,73,0,0,15,0,0,30,0,0,32,14,51,37,37,36,0,23,25,0,0,0,0,0,20,0,0,0,0,22,49,0,63,25,48,41,0,34,0,36,0,68,28,22,19,40,24,46,30,40,0,60,34,0,12,30,30,0,0,40,0,0,0,7,0,68,0,3,20,25,0,0,0,24,0,0,19,18,0,47,71,0,0,0,69,0,0,0,0,0
2016-12-25,6,25,24,25,34,33,18,15,21,22,30,56,21,2,28,9,0,24,0,12,43,46,99,25,10,37,31,13,54,31,37,0,0,0,0,0,0,0,0,45,0,0,50,62,25,39,32,16,29,0,31,0,0,36,20,17,29,38,36,0,19,25,0,0,0,39,37,20,0,35,0,0,29,0,0,46,25,28,0,34,0,37,0,0,0,25,10,0,0,30,0,35,0,0,0,35,0,5,31,0,0,0,30,0,65,41,9,0,0,52,4,0,0,29,0,0,0,0,0,22,11,0,65,18,0,0,0,0,0,0,70,0,0
2017-01-01,21,41,46,51,31,51,14,19,22,23,42,53,15,2,32,10,0,30,0,11,43,41,66,23,27,39,37,10,46,42,0,0,0,0,0,0,35,0,100,47,11,0,21,30,29,37,0,13,31,0,39,0,0,38,18,25,44,0,34,0,38,43,0,0,0,0,40,28,0,48,0,25,29,0,0,97,0,42,0,43,0,35,35,0,66,48,25,49,0,28,0,22,39,0,0,44,60,7,0,0,0,26,0,0,31,39,12,0,0,0,2,36,0,35,80,0,0,0,0,18,35,65,46,46,0,100,0,33,0,0,50,0,0
2017-01-08,23,100,42,37,24,37,8,29,43,25,59,32,19,3,34,15,76,21,0,12,45,52,52,0,35,26,22,25,48,46,0,0,0,0,0,0,33,0,0,57,31,0,45,25,41,35,0,12,34,27,0,0,0,44,22,34,36,0,0,0,48,30,0,0,0,36,0,18,0,32,0,40,34,52,0,83,39,38,37,30,0,0,33,0,0,23,11,37,0,40,0,34,0,0,0,31,57,6,0,0,0,0,0,0,0,37,10,0,0,0,5,46,0,19,57,0,22,0,0,17,32,0,43,11,0,27,0,0,0,0,0,0,0
2017-01-15,21,56,38,14,21,45,17,29,25,22,34,22,19,2,30,22,0,0,0,12,50,48,88,29,25,16,48,18,55,25,0,0,0,0,0,59,33,0,70,51,0,49,34,22,40,0,0,13,87,32,30,0,0,29,16,27,33,34,0,0,54,27,0,0,0,0,32,21,0,62,0,40,24,0,38,56,52,17,37,30,0,0,0,0,0,22,11,41,0,30,55,48,37,0,41,31,0,10,28,0,0,0,27,0,0,37,6,0,0,0,3,40,0,19,0,0,24,0,0,29,23,0,0,25,21,0,31,31,0,0,46,0,0
2017-01-22,30,60,27,12,15,53,13,17,26,23,24,36,20,2,26,12,56,21,0,15,53,38,52,19,41,25,41,20,38,28,0,0,0,0,0,100,0,0,0,54,27,0,30,13,21,0,28,0,26,24,0,0,0,32,21,18,36,0,37,0,28,46,0,0,0,0,0,26,0,0,48,40,27,89,18,52,26,17,0,0,30,0,65,0,0,30,0,31,36,42,0,24,0,24,0,82,76,8,0,0,0,24,47,0,0,0,5,0,0,0,7,39,23,26,0,0,22,44,24,0,16,0,43,16,0,0,0,0,28,0,47,0,0
2017-01-29,18,58,58,8,12,41,18,18,21,28,43,26,24,2,36,17,74,24,0,14,45,25,87,38,12,24,16,33,42,20,0,0,0,0,0,0,0,0,0,45,0,37,17,31,22,0,28,0,25,0,80,0,0,35,14,19,38,0,0,0,30,36,0,0,0,0,0,20,0,0,0,0,25,44,0,26,22,31,36,39,30,0,0,30,0,34,11,25,0,34,54,30,0,24,0,92,0,7,31,0,0,32,27,0,29,48,13,0,60,35,5,18,23,34,0,80,21,0,0,34,15,0,0,19,0,23,0,31,0,0,0,0,0
2017-02-05,17,44,44,17,11,43,20,12,23,23,41,31,14,3,29,9,55,41,0,14,44,67,92,35,22,20,18,17,37,34,0,0,0,0,0,0,33,0,0,42,10,37,20,16,40,46,28,21,34,0,27,0,0,48,16,29,28,39,0,0,37,30,0,0,0,0,0,45,42,31,0,31,28,44,0,33,0,17,0,0,0,0,0,31,0,0,15,48,0,20,41,43,49,0,0,35,0,5,27,0,0,28,27,0,29,36,5,9,0,34,6,27,0,0,0,0,21,32,23,17,31,0,0,18,0,23,0,31,0,0,0,0,0
2017-02-12,14,32,47,12,8,34,28,27,26,43,52,31,15,3,26,11,0,20,0,11,39,33,45,0,18,38,18,24,27,29,0,0,0,0,0,0,0,0,0,56,0,36,0,37,33,0,0,0,25,0,0,0,0,37,7,43,40,33,0,0,34,29,0,0,0,0,0,32,42,30,0,26,28,50,0,65,22,25,36,29,40,34,0,30,0,29,15,22,0,58,0,32,48,32,0,30,0,6,27,0,0,24,0,0,0,36,9,9,0,0,2,18,0,18,55,53,42,0,0,0,13,60,0,23,0,0,0,30,0,0,45,0,36
2017-02-19,17,33,42,15,10,29,21,28,23,34,29,36,27,2,22,10,0,0,0,14,39,32,51,39,39,22,40,35,42,50,0,0,0,0,0,0,0,0,0,56,0,0,50,38,37,0,0,12,34,0,0,0,0,22,20,15,31,34,43,0,35,44,0,0,0,0,0,18,0,0,0,35,18,44,0,22,33,19,0,40,0,37,33,35,0,23,11,32,0,32,0,29,0,0,0,30,61,4,0,0,0,33,36,0,29,0,0,0,0,0,3,0,31,0,0,0,29,37,0,23,17,0,0,21,0,0,0,31,0,0,0,0,0
2017-02-26,14,41,73,12,11,38,19,18,30,28,20,35,13,2,26,12,0,0,0,14,68,33,65,22,21,32,35,26,51,23,0,0,0,0,0,0,0,0,0,46,13,36,48,30,29,0,27,12,33,23,0,0,0,37,7,24,52,33,54,35,52,20,0,0,0,0,0,44,0,30,0,23,15,0,18,44,32,33,48,32,0,63,32,0,60,22,9,28,0,44,0,37,0,0,0,54,0,6,0,26,0,0,0,0,0,40,5,0,0,0,7,18,25,0,55,0,30,0,0,0,19,0,0,19,20,25,30,0,0,0,0,0,0
2017-03-05,13,30,63,9,10,30,12,28,24,29,35,26,20,2,27,9,72,0,0,11,58,59,84,19,43,11,39,15,41,24,0,0,0,0,0,0,0,0,0,47,20,41,18,33,24,0,0,16,28,22,0,0,0,38,13,26,34,32,83,34,58,38,0,0,0,0,0,26,0,30,0,26,30,49,18,55,43,42,0,0,29,31,31,0,0,0,7,36,0,27,53,50,0,0,39,33,0,4,0,0,0,23,0,0,27,0,10,9,0,0,5,35,25,24,0,61,24,0,0,16,16,44,0,23,0,22,0,0,0,0,45,0,0
2017-03-12,14,38,52,15,15,44,15,28,18,29,47,24,0,2,34,10,0,0,0,10,46,30,69,19,31,24,15,15,29,27,0,0,0,0,0,0,0,63,0,57,0,0,33,33,45,0,0,16,36,0,0,0,31,31,14,29,37,0,31,0,27,26,0,0,0,0,0,23,0,30,0,0,23,65,18,50,43,60,0,0,0,36,0,0,0,33,7,30,0,36,0,44,0,0,0,32,94,10,0,26,36,27,30,0,0,35,6,0,0,45,6,27,44,0,73,92,0,0,0,0,15,0,0,18,0,0,0,0,0,0,45,0,0
2017-03-19,12,30,26,11,11,41,15,22,19,34,38,26,14,4,21,10,0,28,0,13,43,46,71,19,12,16,27,24,47,25,0,0,0,0,0,0,0,0,0,53,20,36,0,22,37,0,0,0,46,0,0,0,0,41,21,15,43,44,32,0,35,34,55,0,0,0,0,26,0,35,0,0,24,44,0,44,32,25,0,0,0,0,32,40,0,56,17,38,0,26,0,57,0,0,0,0,0,4,36,0,42,54,30,46,0,36,7,0,60,34,6,36,22,37,0,47,0,0,0,34,16,0,42,31,0,25,30,0,0,0,0,0,0
2017-03-26,12,31,53,12,13,44,19,26,19,100,41,49,39,2,32,13,0,24,0,15,38,44,51,33,28,16,42,26,40,20,0,0,0,0,0,0,0,0,0,45,10,37,17,47,25,39,0,12,34,23,27,0,0,35,5,34,46,0,0,0,33,57,0,0,54,0,0,18,0,31,0,0,19,0,32,52,22,19,73,0,0,35,0,35,0,30,9,37,0,39,0,59,49,0,0,30,0,10,37,0,0,24,27,0,38,39,9,0,0,68,5,42,0,38,0,54,0,32,0,34,18,0,0,36,0,35,0,31,0,0,0,0,0
2017-04-02,12,30,37,8,12,43,14,29,12,93,39,21,65,3,24,11,0,21,0,17,42,34,77,33,25,19,16,24,35,34,0,0,0,0,0,0,33,0,0,45,0,37,25,50,42,0,28,0,37,0,36,0,0,48,17,20,48,34,32,0,35,23,0,0,0,0,0,62,0,31,0,27,14,44,21,39,0,39,0,0,30,0,32,41,0,0,8,19,0,31,55,39,0,0,0,0,76,7,28,27,0,36,0,0,0,83,8,0,60,0,3,24,23,19,75,0,0,0,0,0,12,0,0,18,0,23,0,31,38,0,0,0,0
2017-04-09,9,38,44,10,9,37,10,23,17,49,25,23,41,2,23,8,0,43,0,13,38,31,47,35,26,17,32,20,59,20,38,0,0,0,0,0,0,0,0,46,11,75,32,29,24,0,0,14,65,24,0,0,44,50,11,25,42,0,33,0,34,24,0,0,0,0,0,19,0,43,0,47,14,0,22,47,25,20,38,31,41,45,0,36,0,23,16,18,0,0,0,39,0,0,0,54,57,4,0,0,0,33,0,0,30,38,12,0,0,0,5,19,0,26,0,0,33,0,0,50,19,0,0,20,0,24,0,32,0,0,0,0,0
2017-04-16,10,56,44,6,8,34,19,22,15,38,17,31,37,2,28,11,0,28,0,12,44,44,51,39,31,19,21,12,32,18,33,0,0,0,0,0,0,0,0,46,20,37,23,50,25,0,0,12,51,0,0,0,0,32,18,29,46,34,43,72,40,20,0,0,0,0,0,31,0,0,0,23,25,0,37,41,22,19,0,0,30,0,0,31,0,22,20,34,36,45,0,34,0,0,0,30,0,6,28,0,0,72,0,0,29,36,8,9,0,0,5,46,23,0,0,0,21,0,0,20,10,0,0,28,20,27,0,0,0,0,46,0,37
2017-04-23,17,40,42,9,8,47,20,23,29,31,55,44,14,2,42,9,55,0,0,11,74,50,51,28,40,20,34,24,66,15,0,0,0,0,0,0,0,0,0,55,15,0,31,25,29,34,28,18,25,31,0,0,0,47,17,48,45,33,62,36,37,43,0,0,0,34,0,17,42,31,0,23,42,45,0,44,38,55,37,29,0,64,32,0,0,0,16,17,36,28,0,28,0,0,0,45,0,7,54,0,0,0,0,0,0,35,11,9,0,0,4,0,23,19,0,0,21,32,0,29,36,0,43,24,0,23,0,31,0,0,46,0,0
2017-04-30,8,36,27,4,9,34,22,18,19,29,22,32,16,2,36,9,0,0,0,12,68,33,62,20,17,32,35,18,20,35,0,0,0,0,0,0,33,0,0,47,31,100,26,32,53,0,28,0,26,0,0,0,0,42,18,40,46,34,32,0,36,23,0,0,0,0,32,18,0,0,0,34,30,45,19,34,26,38,37,0,35,0,33,0,0,45,8,17,0,80,0,43,0,0,0,0,0,9,0,0,0,24,27,0,29,55,10,13,61,0,7,18,0,26,0,0,22,0,0,17,9,0,0,16,0,23,0,42,0,0,0,0,0
2017-05-07,11,30,48,8,9,38,30,19,20,22,41,44,27,2,25,8,0,0,0,10,53,42,81,33,13,20,23,29,49,39,0,0,0,0,0,0,33,0,0,55,20,0,25,53,22,0,37,12,100,0,31,71,32,57,12,54,36,0,0,49,35,0,0,46,0,35,0,71,0,31,0,0,26,44,100,33,30,43,37,0,0,0,0,0,61,22,22,39,36,45,0,38,36,0,0,30,0,8,0,27,31,24,0,0,29,62,8,14,0,0,7,18,0,37,0,0,21,0,23,20,16,0,49,18,0,23,0,0,0,0,0,0,0
2017-05-14,9,36,34,7,8,39,22,95,28,24,51,66,25,3,37,9,79,22,0,19,57,36,87,30,43,30,19,19,42,21,34,0,74,0,0,0,34,0,0,46,0,45,21,40,42,0,0,26,0,0,0,74,0,43,11,41,21,0,34,0,27,100,0,0,0,0,46,33,0,33,0,28,18,0,0,26,32,33,39,0,0,0,0,0,0,48,14,20,0,63,0,38,0,0,43,0,0,8,0,0,67,0,28,0,0,0,24,0,0,37,4,33,0,23,59,0,0,34,0,0,14,0,45,22,0,49,0,33,0,0,0,0,0
2017-05-21,11,34,68,7,11,39,22,42,24,38,60,62,17,1,35,9,0,22,0,20,40,47,82,21,23,20,26,24,37,29,0,0,0,0,0,0,0,0,0,45,0,0,33,37,30,37,30,17,55,0,29,0,0,44,13,58,35,0,34,0,40,47,0,0,0,0,0,38,0,33,0,0,16,0,0,35,31,52,0,0,33,35,0,37,0,36,22,18,39,36,43,32,0,0,0,0,0,6,0,0,34,0,29,0,31,78,6,0,0,0,4,20,32,0,0,0,0,0,0,18,14,0,0,26,0,28,0,0,0,0,0,62,0
2017-05-28,9,30,34,21,13,26,18,28,24,41,21,33,27,2,34,8,0,0,70,18,40,32,60,24,26,22,45,31,13,32,0,0,0,0,0,0,0,0,0,42,12,0,53,34,36,0,40,0,31,0,38,0,0,65,19,68,35,62,0,0,55,43,0,0,0,0,46,19,0,33,0,28,24,48,23,32,27,36,0,0,0,35,35,33,0,0,12,0,0,32,43,26,0,0,0,0,60,11,0,0,0,0,33,0,0,78,15,0,0,37,4,49,0,27,0,0,23,0,51,37,18,49,46,25,0,25,0,33,30,0,0,0,0
2017-06-04,12,36,39,13,10,18,21,32,17,28,33,28,29,2,36,19,0,0,0,16,37,39,64,20,29,58,30,28,21,26,0,0,0,0,0,0,0,0,0,53,11,0,0,43,32,0,0,13,35,33,28,0,0,46,30,41,50,0,0,0,85,42,0,0,0,0,0,32,0,65,0,24,18,46,0,60,0,39,39,0,0,46,0,32,64,26,9,45,0,30,0,25,0,34,0,48,0,16,0,0,0,0,42,0,0,51,11,10,0,0,4,45,0,0,58,100,30,0,0,20,16,0,0,16,0,37,0,32,0,0,0,0,39
2017-06-11,13,33,39,5,10,40,25,31,22,37,34,65,15,2,25,11,0,0,0,13,69,40,49,35,65,18,17,12,26,32,0,0,0,0,0,0,46,0,0,43,11,67,73,26,63,0,0,13,0,0,0,0,34,51,15,41,40,0,34,0,52,21,0,0,0,0,0,0,0,0,0,25,31,0,0,55,26,39,0,0,85,0,0,32,0,31,16,18,0,42,0,48,0,0,74,0,0,5,0,0,34,0,76,0,0,38,8,0,0,37,3,20,0,27,59,0,0,0,0,31,25,48,0,13,0,0,0,0,0,0,0,0,0
2017-06-18,11,28,77,7,11,31,22,28,13,33,25,37,28,3,25,9,0,0,0,12,39,49,25,23,29,20,50,12,44,21,67,0,0,0,0,0,0,0,72,36,18,0,18,29,22,0,0,15,39,0,0,0,0,49,20,24,34,0,38,0,58,42,0,0,0,0,0,19,0,37,0,32,23,0,0,40,0,26,0,41,42,33,34,95,0,0,14,36,0,30,0,40,0,0,42,31,58,13,33,0,33,33,28,0,30,64,0,10,0,0,4,28,0,23,77,0,30,0,24,26,25,0,77,16,0,28,0,0,29,0,0,0,0
2017-06-25,12,16,57,12,10,35,26,31,22,28,34,43,27,2,43,9,0,30,0,13,58,48,22,38,27,35,29,17,22,22,0,0,0,0,0,0,0,0,0,37,11,0,43,20,27,0,30,15,55,0,0,0,0,62,13,48,30,42,34,0,53,43,0,0,0,0,0,0,0,33,0,67,21,0,0,27,0,28,39,37,32,47,35,44,0,0,18,25,0,23,0,62,0,0,58,43,0,9,90,0,0,0,33,0,0,52,11,13,0,49,5,20,0,0,0,0,0,0,25,25,20,0,47,15,0,25,0,33,0,67,0,0,0
2017-07-02,8,36,52,5,12,38,14,29,25,26,53,24,15,2,32,9,0,46,0,11,52,30,61,62,24,18,23,27,33,45,0,0,0,0,59,0,0,0,0,41,11,0,100,58,44,0,0,14,47,0,29,0,0,45,21,21,22,0,0,40,46,0,0,0,0,0,0,20,0,34,0,25,42,49,0,37,0,34,40,0,66,0,35,33,0,25,18,25,0,52,44,26,0,0,0,36,0,7,30,0,0,0,51,0,0,0,6,10,66,0,4,20,25,24,0,52,0,0,26,22,17,0,0,38,0,29,0,34,0,0,51,0,0
2017-07-09,10,21,46,5,9,40,27,31,18,31,29,53,44,3,21,10,0,60,0,14,65,40,52,84,34,12,34,17,32,15,0,0,0,0,0,0,40,0,0,53,12,40,32,34,30,0,0,18,36,0,39,0,0,51,13,22,38,0,59,38,55,32,0,0,0,0,0,19,0,33,0,28,40,0,0,24,0,31,40,0,0,34,60,33,0,24,21,33,0,53,44,28,53,0,0,0,0,12,29,29,0,70,58,0,0,56,10,0,0,0,6,20,0,20,0,0,0,0,0,21,11,0,0,34,0,0,0,0,0,0,50,0,0
2017-07-16,10,26,40,4,11,40,21,24,29,31,53,92,42,3,25,10,0,34,0,13,56,44,56,38,37,25,37,24,22,27,47,0,76,0,0,0,0,0,0,91,19,0,19,44,23,74,0,15,31,0,0,0,0,76,13,43,44,66,0,52,35,25,0,0,0,0,0,0,46,34,51,0,43,0,20,37,35,67,40,37,44,0,35,0,0,28,17,19,0,54,0,52,0,35,0,66,0,12,0,0,0,35,29,0,0,0,6,0,66,0,4,27,0,41,0,0,23,35,0,19,10,0,47,13,0,0,0,0,0,90,0,0,0
2017-07-23,11,26,68,6,13,44,22,27,31,23,44,80,21,4,43,9,68,22,0,23,78,40,81,52,40,20,25,26,37,22,39,0,0,0,0,0,0,0,0,68,11,0,53,47,40,0,0,0,31,27,38,0,0,24,13,21,32,0,0,0,27,23,0,0,0,0,34,33,0,36,0,24,56,48,26,82,48,53,0,36,55,46,0,0,65,24,8,53,38,50,0,46,0,0,0,32,0,10,32,0,45,0,33,0,0,38,8,10,64,0,5,48,0,23,59,0,0,39,0,18,11,0,46,32,0,37,0,0,30,0,66,0,43
2017-07-30,7,21,89,5,11,30,25,33,28,34,48,97,47,2,34,8,58,0,0,18,65,48,75,29,16,33,25,32,31,28,0,0,0,0,0,0,34,0,0,58,28,0,41,36,32,62,29,0,26,0,0,0,0,23,20,31,58,40,66,0,49,28,0,0,0,0,0,25,44,0,0,0,38,0,19,23,31,45,0,31,42,0,0,32,0,23,14,24,0,61,43,19,38,0,0,32,0,10,33,0,0,50,56,0,34,0,14,11,72,48,7,19,0,27,58,54,22,0,0,27,28,0,0,16,0,0,0,0,29,0,0,0,39
2017-08-06,9,22,71,16,14,24,30,25,15,52,40,55,16,1,40,5,0,0,0,16,45,35,68,30,29,13,19,18,38,32,0,0,0,0,0,0,45,0,0,47,11,0,18,23,51,0,0,0,26,0,0,0,0,43,11,41,42,35,0,100,34,31,0,0,0,0,0,25,43,32,0,0,26,0,0,40,23,18,51,31,0,0,0,0,0,23,9,18,0,49,57,53,0,0,0,0,0,9,0,0,0,50,0,0,0,37,15,19,0,0,10,38,23,0,0,49,0,0,0,30,14,0,0,20,0,27,0,0,29,0,0,0,39
2017-08-13,8,14,56,9,8,34,24,23,9,25,32,29,26,1,36,8,0,0,0,14,42,19,54,52,63,34,58,21,31,21,0,86,97,0,0,0,0,0,0,52,18,0,72,39,39,0,0,13,35,0,0,0,0,50,15,41,13,0,0,0,25,28,0,48,0,0,0,32,0,56,67,24,20,47,26,0,0,39,0,31,0,34,34,0,0,0,12,26,76,50,0,27,0,0,0,32,0,10,0,0,0,25,0,0,40,0,16,0,0,0,4,48,24,27,78,0,0,34,28,0,19,0,67,26,0,0,43,32,29,0,56,0,0
2017-08-20,10,22,69,11,10,25,14,32,13,22,28,32,28,2,18,10,58,0,0,12,48,32,42,20,19,17,16,39,31,16,0,0,0,0,0,61,0,0,0,44,11,0,45,23,32,0,0,19,0,0,28,0,0,30,20,46,21,35,33,37,51,73,0,0,0,0,0,20,0,37,0,0,30,0,0,35,46,32,38,31,34,34,0,32,0,23,14,0,50,23,0,50,50,0,0,31,0,11,57,0,0,29,32,0,0,100,12,10,0,0,8,40,32,0,58,0,0,0,0,0,11,0,0,38,24,0,0,0,0,0,0,0,0
2017-08-27,7,19,50,14,12,28,25,25,19,29,38,42,28,1,43,12,0,21,0,16,51,31,33,50,33,21,19,34,31,56,0,0,0,0,0,0,68,0,0,40,11,44,20,33,44,36,0,22,0,33,0,0,0,53,17,24,26,0,0,38,39,36,0,0,0,0,0,37,0,0,0,0,42,0,0,58,70,32,58,0,0,0,0,32,0,0,17,40,0,27,0,35,51,0,0,0,0,9,0,0,0,38,38,0,0,37,8,0,0,36,6,28,24,0,0,0,22,45,0,0,23,0,45,24,0,28,36,32,30,65,49,0,0
2017-09-03,6,23,60,10,20,41,25,17,17,23,32,59,28,2,40,8,0,64,0,16,82,38,58,60,39,21,32,21,38,26,33,0,0,0,0,0,0,0,0,49,12,38,45,29,22,95,0,17,0,0,28,0,33,33,13,45,57,0,0,0,55,24,0,0,0,0,0,21,0,32,49,35,50,0,0,53,23,51,66,31,31,33,67,31,0,23,12,44,0,47,41,43,0,49,0,36,0,6,38,0,44,28,32,0,0,64,5,0,62,35,10,25,26,0,57,48,0,33,28,32,20,0,43,36,0,0,0,0,0,0,0,0,44
2017-09-10,6,29,38,9,19,26,16,23,17,25,37,59,15,3,34,13,0,24,0,12,50,24,57,45,35,21,16,11,40,24,33,0,0,0,0,0,0,0,0,54,10,43,76,41,47,0,0,17,26,0,27,0,0,45,9,35,23,0,0,0,43,23,0,0,0,0,0,0,0,0,48,70,27,0,25,26,23,31,0,30,31,33,0,41,83,23,8,26,0,65,0,34,55,0,0,45,0,7,42,0,64,0,0,0,0,37,8,9,0,0,8,18,0,0,57,0,0,0,23,23,27,0,50,23,21,0,0,0,0,0,0,0,0
2017-09-17,8,28,51,12,12,36,27,19,11,30,32,54,24,2,27,15,0,28,0,15,49,47,42,21,32,41,18,20,23,35,0,0,0,0,0,0,0,0,0,52,21,0,40,25,50,0,0,13,29,24,0,0,0,29,20,47,26,34,32,0,47,20,0,0,0,0,0,20,0,31,0,23,31,0,0,23,45,40,37,0,62,33,0,0,0,23,8,25,0,58,47,29,0,33,0,0,0,7,0,0,0,49,0,0,0,49,10,9,0,0,7,18,23,38,0,65,22,0,0,69,18,0,0,12,0,32,0,0,0,0,0,0,37
2017-09-24,9,32,54,6,14,37,23,29,12,26,57,63,0,2,38,15,57,0,0,13,55,38,41,36,51,19,16,25,28,45,0,0,0,0,0,0,0,0,0,45,0,37,87,44,34,40,0,0,29,0,0,0,0,29,13,69,26,0,0,0,40,29,0,0,0,0,0,18,0,0,0,23,19,51,0,26,23,38,0,0,31,0,0,0,0,0,10,37,49,51,0,46,0,0,0,31,0,8,0,0,0,0,0,0,0,0,13,19,0,46,2,20,23,0,0,0,0,33,27,17,20,45,0,16,0,27,0,42,0,0,0,0,0
2017-10-01,8,24,21,7,8,25,20,13,15,28,42,28,19,2,32,10,0,24,0,15,45,28,77,29,20,34,45,11,30,41,0,0,70,0,0,0,0,0,0,52,21,0,19,51,25,35,0,25,47,47,0,0,0,29,9,30,31,0,32,0,28,35,0,0,0,0,0,18,0,42,0,23,19,60,19,68,23,31,50,0,35,36,33,0,0,23,11,19,0,60,0,58,0,0,0,82,0,6,28,0,0,35,31,0,0,37,0,28,0,0,3,18,0,26,57,0,0,33,0,0,10,0,0,12,20,0,0,0,0,0,47,0,0
2017-10-08,12,62,43,11,9,33,29,12,16,28,30,37,27,1,20,10,56,21,0,15,38,48,41,45,28,20,17,20,25,14,33,0,0,0,0,0,0,0,0,51,20,37,50,51,37,0,28,19,25,0,0,0,0,29,11,30,31,46,32,49,59,35,0,0,0,0,0,18,0,31,0,23,10,0,19,61,0,20,37,0,0,33,33,0,0,22,8,17,0,51,56,36,63,0,0,0,0,11,32,0,0,0,0,0,0,0,9,19,0,0,4,37,0,0,56,0,0,33,0,34,26,0,0,25,0,27,0,0,0,0,0,0,100
2017-10-15,15,26,75,6,8,27,25,17,12,29,27,40,21,2,32,9,0,0,0,12,40,34,46,22,44,32,23,21,48,16,0,0,0,0,0,0,0,0,0,44,12,0,17,32,25,0,0,17,34,0,0,0,0,48,20,34,41,0,0,0,49,60,0,62,0,0,0,20,0,0,0,23,18,0,0,30,22,31,0,0,0,0,0,0,0,0,0,0,0,30,0,39,0,0,0,52,56,5,27,0,0,0,0,0,0,54,8,0,0,0,4,18,23,22,0,64,0,0,0,0,9,61,0,16,27,40,0,31,0,0,0,0,0
2017-10-22,12,50,69,8,10,36,20,32,11,40,31,53,30,2,34,9,0,21,0,18,49,64,61,19,28,32,18,22,34,15,55,0,0,0,0,0,44,0,0,48,0,36,46,43,70,0,37,14,46,0,0,0,0,25,6,19,35,33,43,36,53,51,0,0,0,0,0,36,0,31,0,0,20,44,18,30,22,34,36,30,34,35,43,0,61,22,15,19,0,22,0,33,0,0,0,52,0,6,54,0,42,0,27,0,0,41,11,12,0,0,4,0,0,0,0,0,0,32,0,0,13,45,43,30,0,23,30,0,0,0,62,0,0
2017-10-29,12,41,36,5,6,23,11,19,21,37,34,27,23,3,31,8,0,0,0,15,58,40,30,29,34,50,40,22,35,18,37,0,0,0,0,0,32,0,0,49,13,0,20,31,28,34,0,12,50,0,0,0,0,44,14,38,30,45,0,0,30,0,0,0,0,0,0,0,0,0,0,33,33,44,18,38,22,37,37,0,30,0,0,0,0,0,11,23,0,65,0,32,36,0,0,33,0,8,36,0,32,0,0,0,33,82,12,16,0,68,11,21,30,19,0,0,0,0,0,23,26,45,0,27,20,23,0,0,0,0,46,0,0
2017-11-05,7,38,35,9,8,28,19,19,8,31,59,52,23,2,34,7,0,0,0,17,47,33,60,43,24,36,45,37,36,24,0,0,0,0,0,0,42,0,0,43,17,0,33,27,48,0,0,0,37,0,0,0,0,18,14,24,52,0,0,35,23,29,0,0,0,0,42,69,0,30,0,30,21,0,0,22,29,42,36,0,29,63,32,0,0,22,8,17,0,31,39,52,0,0,40,78,0,6,0,0,0,31,0,0,0,35,6,0,0,0,4,33,22,0,72,0,0,31,0,17,20,0,42,26,0,0,0,0,0,61,0,0,36
2017-11-12,8,36,32,7,7,22,18,14,16,39,47,22,0,3,32,10,0,20,0,13,43,29,30,38,46,11,22,36,51,20,0,0,0,0,53,0,0,0,67,47,11,0,33,58,33,33,0,26,0,0,0,0,31,40,12,14,47,43,83,0,29,77,0,0,0,0,0,40,0,60,0,22,23,0,18,22,22,22,90,38,0,0,0,34,0,0,10,19,35,38,0,46,0,0,0,43,0,9,30,0,41,0,0,0,0,70,10,0,0,0,6,26,22,37,0,0,21,0,0,17,16,58,41,11,0,22,0,0,54,80,0,0,0
2017-11-19,7,57,50,6,9,30,18,9,16,40,38,39,15,2,29,7,55,0,0,16,37,36,45,28,37,11,22,22,39,27,42,0,0,0,0,0,0,0,68,35,28,36,34,43,42,0,0,12,27,23,26,0,31,40,16,45,45,66,0,0,39,0,0,0,0,0,0,23,41,0,0,0,20,44,0,38,22,50,36,29,39,31,43,0,0,22,9,19,35,55,46,83,0,0,0,79,0,8,46,26,0,24,0,0,28,0,7,0,0,0,3,20,0,21,54,45,21,0,0,22,18,0,0,19,0,23,0,40,0,0,0,0,0
2017-11-26,12,48,97,5,20,35,28,36,58,48,51,77,48,4,70,11,0,34,0,15,63,26,39,41,33,74,26,30,36,38,42,0,0,0,0,0,0,0,0,53,11,81,24,60,71,44,0,52,0,0,0,0,67,64,38,33,24,0,0,40,36,33,0,0,0,0,0,25,0,30,0,65,80,0,18,32,37,71,0,31,100,31,31,0,0,43,56,30,0,76,0,23,47,0,0,44,0,12,30,26,0,46,26,0,28,47,10,9,0,33,2,18,0,0,0,0,0,31,22,17,30,0,55,66,20,73,0,34,0,0,0,0,35
2017-12-03,10,42,78,5,17,36,28,37,100,42,36,70,15,4,100,20,0,30,0,13,67,43,32,42,29,100,28,48,49,13,46,0,0,0,71,0,64,0,0,73,10,79,74,80,100,45,0,71,27,0,0,59,0,81,61,48,32,0,0,0,39,50,0,90,0,46,42,38,0,87,0,91,100,58,0,64,44,79,0,39,34,64,0,30,80,0,71,61,0,72,40,42,36,0,46,40,0,7,27,0,0,0,26,0,38,0,7,9,0,45,5,26,0,0,0,0,0,36,0,0,39,0,56,57,100,91,0,73,32,0,52,0,41
2017-12-10,11,43,62,8,18,30,19,30,26,45,54,61,34,3,92,14,0,23,0,10,48,43,100,33,37,28,18,50,34,53,0,0,0,0,0,0,0,0,0,71,10,0,17,67,69,0,0,28,25,0,0,69,0,87,61,24,45,0,0,0,32,28,0,0,53,0,0,35,0,0,0,49,53,43,21,75,0,41,36,29,29,63,31,0,0,0,68,36,0,41,0,19,0,0,0,0,0,6,36,0,0,41,0,0,38,0,9,21,0,0,2,44,22,28,54,0,21,36,31,17,39,0,67,38,50,34,30,52,27,0,0,0,0
2017-12-17,14,34,86,6,4,25,16,26,27,93,62,72,36,2,84,14,0,21,0,15,51,41,88,36,25,45,35,38,33,71,33,0,0,0,0,0,0,0,0,55,10,0,32,51,56,0,0,36,29,0,36,0,0,100,47,35,23,0,0,49,54,35,0,0,0,0,0,36,0,42,0,60,35,0,0,25,0,38,0,30,41,33,33,0,0,23,82,44,37,43,0,18,40,0,0,82,0,10,0,0,0,0,0,0,0,37,11,10,0,35,3,18,0,19,56,0,22,0,0,0,14,0,43,16,21,35,0,54,0,0,81,60,0
2017-12-24,17,35,64,12,10,28,22,27,18,55,50,68,16,2,44,8,0,26,0,9,52,14,56,84,17,35,0,22,30,37,40,0,0,0,0,0,35,0,0,57,11,0,19,44,80,0,0,23,47,51,0,0,0,55,35,36,38,37,0,39,13,22,0,50,59,38,0,0,0,45,0,100,42,0,20,44,0,34,40,0,0,47,0,0,0,0,100,25,0,36,0,29,0,0,0,44,61,4,0,0,34,26,0,0,47,39,10,0,66,37,5,22,25,20,0,0,0,35,0,18,10,0,0,17,38,34,0,0,0,0,0,63,0
2017-12-31,9,12,79,0,18,33,52,12,46,45,39,90,56,3,38,5,0,0,0,8,30,51,76,80,0,0,0,100,74,0,0,0,0,0,0,0,0,0,0,30,0,93,0,22,55,0,0,100,0,0,0,0,0,81,21,0,56,0,0,0,78,0,0,0,0,0,0,53,0,0,0,0,25,0,0,0,0,0,0,0,0,0,0,0,0,57,31,51,0,100,0,91,0,0,0,0,0,9,0,0,0,0,0,0,0,0,0,48,0,0,0,0,0,0,0,0,0,0,0,44,49,0,0,32,52,60,0,100,0,0,0,0,0
